/spain_laliga/2015-2016/2015-08-29 - 23-30 Real Madrid 5 - 0 Betis/Labels.json,1us6TMcDa0yUF_8ciPIONlizAyk0sjPef,
/spain_laliga/2015-2016/2015-11-08 - 18-00 Barcelona 3 - 0 Villarreal/Labels.json,1F9N4lYTfWCgf5rmcxh-UkTxtusU2Nfza,
/spain_laliga/2015-2016/2016-05-14 - 18-00 Dep. La Coruna 0 - 2 Real Madrid/Labels.json,1UcEEMWuzIGhE6YbiDWAIucQbdhHS1AAl,
/spain_laliga/2015-2016/2015-09-19 - 17-00 Real Madrid 1 - 0 Granada CF/Labels.json,1oQR03vj2jNDfFh06yXhH060mQY0KCgr0,
/spain_laliga/2015-2016/2016-05-08 - 18-00 Real Madrid 3 - 2 Valencia/Labels.json,1sprm9o9zKNu9HHEyH8JNV5n9SPJL5LGo,
/spain_laliga/2015-2016/2015-12-30 - 18-00 Real Madrid 3 - 1 Real Sociedad/Labels.json,1zTsP8tZREy_9ja9vbiEP0TTUlRPFJM4Z,
/spain_laliga/2015-2016/2016-03-02 - 23-00 Levante 1 - 3 Real Madrid/Labels.json,17vbHqZLDfjQfdZhCliA1uitKvGelOjCV,
/spain_laliga/2015-2016/2015-12-05 - 18-00 Real Madrid 4 - 1 Getafe/Labels.json,1CE-jyYTIjmX8HHckwDKVusji1JguQ5ln,
/spain_laliga/2015-2016/2016-02-27 - 18-00 Real Madrid 0 - 1 Atl. Madrid/Labels.json,1PolPgHU_hVCYfe-qny8_heCrnmGLs_T1,
/spain_laliga/2015-2016/2015-09-26 - 17-00 Barcelona 2 - 1 Las Palmas/Labels.json,1mgb1K5KncrVRIP4jJUCspUt-J5WFwV6y,
/spain_laliga/2015-2016/2015-09-12 - 21-30 Atl. Madrid 1 - 2 Barcelona/Labels.json,1zKbHaRXD8V6fLiSVu3mBzSEpWXK_np1v,
/spain_laliga/2015-2016/2016-01-09 - 22-30 Real Madrid 5 - 0 Dep. La Coruna/Labels.json,14_HuZhyZE4zpjRpXDY3mOz4PVVR_S9hT,
/spain_laliga/2015-2016/2016-02-13 - 18-00 Real Madrid 4 - 2 Ath Bilbao/Labels.json,1LIaCT7y4hveULQe70sy8ZbSpvZ6VJJtC,
/spain_laliga/2015-2016/2015-12-20 - 18-00 Real Madrid 1 - 0 Rayo Vallecano/Labels.json,151qZ4JBbBN64i0UbALLxH6U9uNqIaRuy,
/spain_laliga/2015-2016/2016-01-03 - 22-30 Valencia 2 - 2 Real Madrid/Labels.json,1j3InOt6jdQCP7wdMVDYcHZoL7biWVi8H,
/spain_laliga/2015-2016/2015-10-24 - 17-00 Celta Vigo 1 - 3 Real Madrid/Labels.json,1pcnTDMW9BUZKHxGdT82lrtBNgBHNgUEE,
/spain_laliga/2015-2016/2015-12-13 - 22-30 Villarreal 1 - 0 Real Madrid/Labels.json,1fzprKtV7Q8lTSlb8b0vgmasBvWVknz1B,
/spain_laliga/2015-2016/2016-03-20 - 22-30 Real Madrid 4 - 0 Sevilla/Labels.json,1kahw_xS3b6P9Wfd908XKSe8rbemyEQaF,
/spain_laliga/2015-2016/2015-08-29 - 21-30 Barcelona 1 - 0 Malaga/Labels.json,1G_wU7n2KYmNDKQ2tqn1I22RgkhNzgw6G,
/spain_laliga/2015-2016/2015-09-12 - 17-00 Espanyol 0 - 6 Real Madrid/Labels.json,1X_aYw0mr1l6s43ISAnv3pGX76I3IaCBI,
/spain_laliga/2015-2016/2015-09-23 - 22-00 Ath Bilbao 1 - 2 Real Madrid/Labels.json,1iF-XKlXuZna-xmrzH2bCSOuTfpyBWzOF,
/spain_laliga/2015-2016/2015-10-04 - 21-30 Atl. Madrid 1 - 1 Real Madrid/Labels.json,1K64FnRWa-rSmR5Rhc177CWWVVXhJW0OG,
/spain_laliga/2015-2016/2015-09-26 - 19-15 Real Madrid 0 - 0 Malaga/Labels.json,150a1OX32-rGYydIII7aHtKjeKJRhO5vN,
/spain_laliga/2015-2016/2016-02-21 - 18-00 Malaga 1 - 1 Real Madrid/Labels.json,111tMNF3e5GGrhZzCPf0eWvt9n_MN77jg,
/spain_laliga/2015-2016/2015-11-21 - 20-15 Real Madrid 0 - 4 Barcelona/Labels.json,1YRdw-L0cjmmaGe85x87XcWgg1hIgUAfa,
/spain_laliga/2015-2016/2016-03-05 - 18-00 Real Madrid 7 - 1 Celta Vigo/Labels.json,1IJozE5Q3PHSLJn-zdF4h5e8Tyyvs2cG0,
/spain_laliga/2015-2016/2016-02-07 - 22-30 Granada CF 1 - 2 Real Madrid/Labels.json,15_ds9_q5k_AuIno3BiSItX8_7MPq9r5F,
/spain_laliga/2015-2016/2015-11-29 - 18-00 Eibar 0 - 2 Real Madrid/Labels.json,1eWSILG4QKuKI7M_dYQPz4gOyQ4DnjDnp,
/spain_laliga/2015-2016/2016-01-31 - 22-30 Real Madrid 6 - 0 Espanyol/Labels.json,1G1UWQUs0ybP7_EYWmZyX30WNtYOuDRqc,
/spain_laliga/2015-2016/2016-01-24 - 22-30 Betis 1 - 1 Real Madrid/Labels.json,1ffKIhOgJFwF2zerzu3IEJPre69WqfMPu,
/spain_laliga/2015-2016/2016-03-13 - 22-30 Las Palmas 1 - 2 Real Madrid/Labels.json,1iaZXEq6tMLVNyOLGKUvG9SA6iVrFrFct,
/spain_laliga/2015-2016/2016-04-02 - 21-30 Barcelona 1 - 2 Real Madrid/Labels.json,10R4J6WJLDXOaD-lzEredAOQBEq5RUDfh,
/spain_laliga/2015-2016/2016-04-09 - 17-00 Real Madrid 4 - 0 Eibar/Labels.json,1GHHHkh_UNdWkggeGboyBQg0ahK4WgJj4,
/spain_laliga/2015-2016/2016-04-30 - 17-00 Real Sociedad 0 - 1 Real Madrid/Labels.json,179NKsuDQbu8qe0hcEbOY6CjGiA6qIPfh,
/spain_laliga/2015-2016/2016-04-16 - 17-00 Getafe 1 - 5 Real Madrid/Labels.json,1-E0cCeiMbBCX3ktmf9VbuG39PdO4cjaB,
/spain_laliga/2015-2016/2016-04-20 - 23-00 Real Madrid 3 - 0 Villarreal/Labels.json,1Fi1VpWE1PLy7qBEADrHCutngiz4Jszzj,
/spain_laliga/2016-2017/2016-09-21 - 21-00 Real Madrid 1 - 1 Villarreal/Labels.json,1jIdD3ovuNWnWQeQ8J-nvCd_Ir4VxtXv1,
/spain_laliga/2016-2017/2016-09-10 - 21-30 Barcelona 1 - 2 Alaves/Labels.json,1x15jMySsM32SWVZvvy-on5s1I_KGUt4S,
/spain_laliga/2016-2017/2016-11-26 - 18-15 Real Madrid 2 - 1 Gijon/Labels.json,1QpunDCSSyNoNFDhIbMyI6lMO6iiIOmMN,
/spain_laliga/2016-2017/2016-09-24 - 21-45 Las Palmas 2 - 2 Real Madrid/Labels.json,15dkUL0T0tkGt2sPxi6R62povyoI2On8E,
/spain_laliga/2016-2017/2016-12-18 - 22-45 Barcelona 4 - 1 Espanyol/Labels.json,1yTtMSvoj2GOWnTzCunE0GRU-UR3f_jlM,
/spain_laliga/2016-2017/2017-02-11 - 22-45 Osasuna 1 - 3 Real Madrid/Labels.json,12cGSSg7jKFGrk4CavteE7XDAQ_vCKHkR,
/spain_laliga/2016-2017/2017-03-12 - 22-45 Real Madrid 2 - 1 Betis/Labels.json,1BCcOpQbxxfZNmccBXEy9VAHRR9_4V9dE,
/spain_laliga/2016-2017/2017-04-08 - 21-45 Malaga 2 - 0 Barcelona/Labels.json,1dZCvIEGjK1eJTtshIJyWval7iHAIJL5o,
/spain_laliga/2016-2017/2017-04-02 - 17-15 Real Madrid 3 - 0 Alaves/Labels.json,1r3pWqvPoWSFhyNvClvHvVUUVr58-qGHD,
/spain_laliga/2016-2017/2016-09-17 - 14-00 Leganes 1 - 5 Barcelona/Labels.json,1LUpcClTyG1zaLxmEGQDFoaiQf7afPCPV,
/spain_laliga/2016-2017/2016-10-02 - 21-45 Celta Vigo 4 - 3 Barcelona/Labels.json,13yOfnmW4VJcLAp6wSN99xOxkdJao1cKa,
/spain_laliga/2016-2017/2017-02-18 - 18-15 Real Madrid 2 - 0 Espanyol/Labels.json,16Wp63Y3ADJZWGLlAbFs5GFfobJ1894TT,
/spain_laliga/2016-2017/2016-10-15 - 17-15 Barcelona 4 - 0 Dep. La Coruna/Labels.json,18ddN23xH5dtP-BUBBPIQh65E3s00T1RL,
/spain_laliga/2016-2017/2016-08-21 - 21-15 Real Sociedad 0 - 3 Real Madrid/Labels.json,1kis7sipUgfQ21NP8sXor17CoIvcpIHlp,
/spain_laliga/2016-2017/2017-01-07 - 15-00 Real Madrid 5 - 0 Granada CF/Labels.json,1kuhp-8hGpTvdIGqs2rMM8Y8F5Po2N1HL,
/spain_laliga/2016-2017/2017-01-21 - 18-15 Real Madrid 2 - 1 Malaga/Labels.json,1WZOt0wNlmkV43ZUiaXpudMhjrwZl931P,
/spain_laliga/2016-2017/2017-04-26 - 20-30 Barcelona 7 - 1 Osasuna/Labels.json,1UOfRJVb8GoAJGSlMC9i6izrh-MEoRa5_,
/spain_laliga/2016-2017/2017-04-23 - 21-45 Real Madrid 2 - 3 Barcelona/Labels.json,1AGHyY8U21zSdgtl-OHdA9rHLiffSJT91,
/spain_laliga/2016-2017/2017-04-29 - 17-15 Real Madrid 2 - 1 Valencia/Labels.json,1WUFELWGq2Iq16rRIKmjv7vDGN7tL2Fd8,
/spain_laliga/2016-2017/2016-09-21 - 23-00 Barcelona 1 - 1 Atl. Madrid/Labels.json,1hYVCqbcmc4DQ0hR71_3fwLJFqPFXCZF4,
/spain_laliga/2016-2017/2016-08-20 - 19-15 Barcelona 6 - 2 Betis/Labels.json,1YpRjC5IiWYalSPFPcvccE4wx4bNuNMHm,
/spain_laliga/2016-2017/2016-08-27 - 21-15 Real Madrid 2 - 1 Celta Vigo/Labels.json,1efAe-70YhuGmCiBqElrMfnCGmfGdsYJS,
/spain_laliga/2016-2017/2016-08-28 - 21-15 Ath Bilbao 0 - 1 Barcelona/Labels.json,1e5IF9XMJ_WXYCRBWO5ZPUGs_J-gSv3oM,
/spain_laliga/2016-2017/2017-04-29 - 21-45 Espanyol 0 - 3 Barcelona/Labels.json,1s3MYp6kHy8l1zNitVg1SpG4EMdOUTjIa,
/spain_laliga/2016-2017/2016-10-02 - 17-15 Real Madrid 1 - 1 Eibar/Labels.json,1cgoVt3Mm0STcfjQcdgagSTgmne2fnG28,
/spain_laliga/2016-2017/2016-09-18 - 21-45 Espanyol 0 - 2 Real Madrid/Labels.json,16jFl4g-i8xL5qnyOC_KObF0pHKIeU6_o,
/spain_laliga/2016-2017/2017-05-14 - 21-00 Las Palmas 1 - 4 Barcelona/Labels.json,1yrb7K5AFwXGEI5IwXszymFlJEmEm6UDv,
/spain_laliga/2016-2017/2016-10-15 - 21-45 Betis 1 - 6 Real Madrid/Labels.json,1rrcfAUORVA3DwL_vWgRgRjzCZez-ZK3g,
/spain_laliga/2016-2017/2016-10-22 - 17-15 Valencia 2 - 3 Barcelona/Labels.json,1mYjUwvEA2_ymF4UE3r7GRABiiWqdmmti,
/spain_laliga/2016-2017/2016-11-27 - 22-45 Real Sociedad 1 - 1 Barcelona/Labels.json,1yiY3FcAniMDN8GDcW4sscNmEUi_dHUxL,
/spain_laliga/2016-2017/2016-11-19 - 22-45 Atl. Madrid 0 - 3 Real Madrid/Labels.json,15mFCHkI9qew0_l7FrSJtCFL-r4DDbHo0,
/spain_laliga/2016-2017/2016-12-03 - 18-15 Barcelona 1 - 1 Real Madrid/Labels.json,1j_ug_Itk8sYROf_PPFJDT3CpvEvMwydn,
/spain_laliga/2016-2017/2016-11-06 - 14-00 Real Madrid 3 - 0 Leganes/Labels.json,1O0ZHvZp2mumBeUAlxdj7XPuBIyRrD7Pq,
/spain_laliga/2016-2017/2016-10-29 - 21-45 Barcelona 1 - 0 Granada CF/Labels.json,1eEBvTdeMmlCSK5twbfIxvm3yjOksrqyb,
/spain_laliga/2016-2017/2016-12-10 - 22-45 Real Madrid 3 - 2 Dep. La Coruna/Labels.json,1KBBCjhniZNQpCRlSr4e-QQz2gSN2ji1r,
/spain_laliga/2016-2017/2016-10-29 - 17-15 Alaves 1 - 4 Real Madrid/Labels.json,19RL18C7HlOzVHtevopMe_96_SpeVAVx3,
/spain_laliga/2016-2017/2016-11-19 - 18-15 Barcelona 0 - 0 Malaga/Labels.json,1y_Md_ojWL9r0rBD4UptgYH-PLTBT08ug,
/spain_laliga/2016-2017/2017-01-08 - 22-45 Villarreal 1 - 1 Barcelona/Labels.json,1UvbLJWlxSO8vZMJvLHwUJvGBq-nGAdHK,
/spain_laliga/2016-2017/2017-01-14 - 18-15 Barcelona 5 - 0 Las Palmas/Labels.json,1NYGs6D_Cx6T-PYXvqqGyp6MHk2pDshfq,
/spain_laliga/2016-2017/2017-03-01 - 23-30 Real Madrid 3 - 3 Las Palmas/Labels.json,1xfdhuuo9YMfqSbbC-_39ygkg95B4qdAW,
/spain_laliga/2016-2017/2017-03-01 - 21-30 Barcelona 6 - 1 Gijon/Labels.json,1OuQCiA9Z_EVj1FSBvSSTzTvuv3n6nw1U,
/spain_laliga/2016-2017/2017-01-29 - 22-45 Real Madrid 3 - 0 Real Sociedad/Labels.json,1bOXQX7qfG4zTpSzW6Wwrz4Rf7agtkUzB,
/spain_laliga/2016-2017/2017-02-19 - 22-45 Barcelona 2 - 1 Leganes/Labels.json,1YWRV5nn71Gg2zqnIhjzVvZpB2XPNwHUz,
/spain_laliga/2016-2017/2017-02-26 - 22-45 Villarreal 2 - 3 Real Madrid/Labels.json,1WNZOYOK_laEhxrjGXBFeC1aYXZ2RcKQQ,
/spain_laliga/2016-2017/2017-01-29 - 14-00 Betis 1 - 1 Barcelona/Labels.json,1l_ty9usN8IOwneWmxH64bO6M39erLXjp,
/spain_laliga/2016-2017/2017-01-15 - 22-45 Sevilla 2 - 1 Real Madrid/Labels.json,1cLCsN5J5Qt-a5lIw5KbGk7Q7UmmK4OYz,
/spain_laliga/2016-2017/2017-02-26 - 18-15 Atl. Madrid 1 - 2 Barcelona/Labels.json,1W6x2pujUTZlGlCdkbDQh-ywNqzOw-Idx,
/spain_laliga/2016-2017/2017-03-04 - 18-15 Eibar 1 - 4 Real Madrid/Labels.json,1J2fnLF-jJHCftpGK_MXGKH_m6m0qC9HG,
/spain_laliga/2016-2017/2017-03-04 - 22-45 Barcelona 5 - 0 Celta Vigo/Labels.json,1yqRyJ3m-8lozbYWEmzwta3gbJTDVzSnG,
/spain_laliga/2016-2017/2017-04-15 - 21-45 Barcelona 3 - 2 Real Sociedad/Labels.json,1yD85YtB9b7cQ3JCZvhKD6Pdz77hdzN6D,
/spain_laliga/2016-2017/2017-04-15 - 17-15 Gijon 2 - 3 Real Madrid/Labels.json,1m3W1UEaNTVFGU9LduOEiErjELAxxbrYd,
/spain_laliga/2016-2017/2017-03-12 - 18-15 Dep. La Coruna 2 - 1 Barcelona/Labels.json,1ul00xmXWV05VvpzLo6NzRIa1nsQk3FxL,
/spain_laliga/2016-2017/2017-04-26 - 22-30 Dep. La Coruna 2 - 6 Real Madrid/Labels.json,1jqNW3Khkabb7cXisEGxZ4DdBXuIHogW5,
/spain_laliga/2016-2017/2017-04-05 - 22-30 Leganes 2 - 4 Real Madrid/Labels.json,1MePDoKJZEjcpLlBzYoOwy-KiWq5tfoD2,
/spain_laliga/2016-2017/2017-04-02 - 21-45 Granada CF 1 - 4 Barcelona/Labels.json,1aM9cGBxMjcnzy0Y6puCZnwVvkFMuVsSH,
/spain_laliga/2016-2017/2017-03-18 - 18-15 Ath Bilbao 1 - 2 Real Madrid/Labels.json,1NkEM867dRt_GgQCS0zRfp-deN7rXxreZ,
/spain_laliga/2016-2017/2017-03-19 - 22-45 Barcelona 4 - 2 Valencia/Labels.json,1mSjaW8rZt6Xbc3m9EtDHLzBOTnvJdQgL,
/spain_laliga/2016-2017/2017-05-06 - 19-30 Barcelona 4 - 1 Villarreal/Labels.json,1Z_sRBBrOtOYxvdM3JsaqYOUJT4kpIG3R,
/spain_laliga/2016-2017/2017-05-06 - 21-45 Granada CF 0 - 4 Real Madrid/Labels.json,1gwV0cyYsmDYmslCVEybJqRE1FOVeGgEZ,
/spain_laliga/2016-2017/2017-05-17 - 22-00 Celta Vigo 1 - 4 Real Madrid/Labels.json,1G5Tsg9j6p57CotxFAekD2o0LvShpSv3X,
/spain_laliga/2016-2017/2017-05-14 - 21-00 Real Madrid 4 - 1 Sevilla/Labels.json,1nsH79vP6-MxKFn-Pm-22i1sygXTOOkoi,
/spain_laliga/2016-2017/2017-05-21 - 21-00 Malaga 0 - 2 Real Madrid/Labels.json,1lnedFPeDtOd7kCfk6UJf3paZtVTwCV8G,
/spain_laliga/2016-2017/2017-05-21 - 21-00 Barcelona 4 - 2 Eibar/Labels.json,1zjF-aYLr4-1oIO3Ptvm-PaxPzLUTKny5,
/spain_laliga/2014-2015/2015-04-25 - 17-00 Espanyol 0 - 2 Barcelona/Labels.json,1dXd_aNk7Ttjix5kiz7s-BA7DwPoDUlHb,
/spain_laliga/2014-2015/2015-04-18 - 21-00 Real Madrid 3 - 1 Malaga/Labels.json,1MjsyYPSTjQZ0np2mvmHbS1kVNDhdM9Zg,
/spain_laliga/2014-2015/2015-02-14 - 20-00 Real Madrid 2 - 0 Dep. La Coruna/Labels.json,1qE6J_-kvuN2V34m3E1MODuxqrjm-zt5r,
/spain_laliga/2014-2015/2015-05-02 - 17-00 Cordoba 0 - 8 Barcelona/Labels.json,1puU7ifDmP3Lkpt3P6aZmJ2jkY4MS8S0j,
/spain_laliga/2014-2015/2015-04-29 - 21-00 Real Madrid 3 - 0 Almeria/Labels.json,1QAsVZI5wF-csmq2t41y96jc_L0J91V0x,
/spain_laliga/2014-2015/2015-04-11 - 17-00 Real Madrid 3 - 0 Eibar/Labels.json,1FsQyjxFk3vXxgL5xXO9jy8zIaiNxYFRG,
/spain_laliga/2014-2015/2015-05-09 - 19-00 Barcelona 2 - 0 Real Sociedad/Labels.json,1Ae9vNXIxUpzX25AnxnRRtZT1o57r8TA3,
/spain_laliga/2014-2015/2015-04-28 - 21-00 Barcelona 6 - 0 Getafe/Labels.json,1VHuOeMdYZNZ_P4qw_me27BDKiW7IlMca,
/spain_laliga/2014-2015/2015-04-11 - 21-00 Sevilla 2 - 2 Barcelona/Labels.json,1cOKitiChKznpRvkEtk7okh8SJ20FhXEb,
/spain_laliga/2014-2015/2015-05-23 - 21-30 Real Madrid 7 - 3 Getafe/Labels.json,1zmyXmZc_OSlk6W8czQfFD2q39zOSyxS4,
/spain_laliga/2014-2015/2015-05-17 - 20-00 Espanyol 1 - 4 Real Madrid/Labels.json,1jZBubfVaT5NISZKrMyznAjJdOLhBfYOg,
/spain_laliga/2014-2015/2015-05-09 - 21-00 Real Madrid 2 - 2 Valencia/Labels.json,1IGJv88kYGjFc8i4bxHcmEwe0JyBEv8Md,
/spain_laliga/2014-2015/2015-02-22 - 23-00 Elche 0 - 2 Real Madrid/Labels.json,1xh8Vga_maYJlMDlqY22yfbRpdz6siqNV,
/spain_laliga/2014-2015/2015-05-02 - 19-00 Atl. Madrid 0 - 0 Ath Bilbao/Labels.json,1dlJf5cDIAzhgmTbHtXVzP8DDtYPxmGCz,
/spain_laliga/2014-2015/2015-05-02 - 21-00 Sevilla 2 - 3 Real Madrid/Labels.json,1DYG8C_7gHcSNx3cedlv_SQEK1Daoo0PJ,
/spain_laliga/2014-2015/2015-02-21 - 18-00 Barcelona 0 - 1 Malaga/Labels.json,1RzPSripsO9kiaXhNRCMstq5C0NbcHbVw,
/spain_laliga/2014-2015/2015-05-17 - 20-00 Atl. Madrid 0 - 1 Barcelona/Labels.json,1Pge_GxCZ1B4Job1xqsY_AcHueU_u2rST,
/spain_laliga/2014-2015/2015-05-23 - 19-30 Barcelona 2 - 2 Dep. La Coruna/Labels.json,1MXJ0gw1tjJilA0dWMDzOPCW7f86_4XzM,
/france_ligue-1/2015-2016/2015-09-26 - 18-30 Nantes 1 - 4 Paris SG/Labels.json,1oOeXHTTqZeB0IToNQHfVuxyJrJJTRvtb,
/france_ligue-1/2015-2016/2015-09-19 - 18-30 Reims 1 - 1 Paris SG/Labels.json,15JCmcArfYskWF-iPNfd4DQGUo8ao7S7u,
/france_ligue-1/2015-2016/2015-11-07 - 19-00 Paris SG 5 - 0 Toulouse/Labels.json,16VUT3Hd2T2DV_pJ4xdFYLVRY4hIm4g6F,
/france_ligue-1/2016-2017/2016-08-28 - 21-45 Monaco 3 - 1 Paris SG/Labels.json,1Lzh660Wz-NsSDnzFgVj91qai0y6Lp8lJ,
/france_ligue-1/2016-2017/2016-11-30 - 23-00 Paris SG 2 - 0 Angers/Labels.json,1be-jq1B0YuCyQFts29wo3IyxqEmQ5yid,
/france_ligue-1/2016-2017/2016-09-09 - 21-45 Paris SG 1 - 1 St Etienne/Labels.json,1z0ZQhJXohq2WElJdWBzBuUFQtJrjnFDQ,
/france_ligue-1/2016-2017/2016-08-21 - 21-45 Paris SG 3 - 0 Metz/Labels.json,1WGPXB9w-x1nIbwQwIHIvRvMQ5m_isEo8,
/france_ligue-1/2016-2017/2016-10-23 - 21-45 Paris SG 0 - 0 Marseille/Labels.json,1Mpe5WLQetUJpU3-rrsYpeo4RqvTBT9fo,
/france_ligue-1/2016-2017/2016-09-20 - 22-00 Paris SG 3 - 0 Dijon/Labels.json,1uuKiBtKboeP2u-Wdz2Id5qYOOxDr_1xI,
/france_ligue-1/2016-2017/2017-05-14 - 22-00 St Etienne 0 - 5 Paris SG/Labels.json,1i-I6Gh3peHB92Nqo1KY8E0nfonYAsp9t,
/france_ligue-1/2016-2017/2016-10-28 - 21-45 Lille 0 - 1 Paris SG/Labels.json,1Rwwx5PS2O-PzJWlnyjY33g_Sb0H0d1al,
/france_ligue-1/2016-2017/2016-09-16 - 21-45 Caen 0 - 6 Paris SG/Labels.json,1oRv4KmAn0cPtQ3osMED9mdCc9N-7mpEc,
/france_ligue-1/2016-2017/2016-10-01 - 18-00 Paris SG 2 - 0 Bordeaux/Labels.json,1KY-kvR82Wb1dnhxg-vWYtb2iWDXDcFjv,
/france_ligue-1/2016-2017/2016-09-23 - 21-45 Toulouse 2 - 0 Paris SG/Labels.json,1coA4vxWgiSq8gecGFJFJHXPmuR4Mu3La,
/france_ligue-1/2016-2017/2016-10-15 - 18-00 Nancy 1 - 2 Paris SG/Labels.json,1ah4RNug2PnKICnL7SFSzldGtvtg8vAAl,
/france_ligue-1/2016-2017/2016-08-12 - 21-00 Bastia 0 - 1 Paris SG/Labels.json,1ECxk3P7obdqJzjTC9G09-BxXvYJ4FYCf,
/france_ligue-1/2016-2017/2017-04-09 - 22-00 Paris SG 4 - 0 Guingamp/Labels.json,1SHW5yr-yJ-DeeXRPMutb_Y6ZVLNezI3p,
/france_ligue-1/2016-2017/2017-03-04 - 19-00 Paris SG 1 - 0 Nancy/Labels.json,1eORXo6vYtklDz4d-Z6NkKLUiPoGBaLk-,
/france_ligue-1/2016-2017/2016-12-03 - 19-00 Montpellier 3 - 0 Paris SG/Labels.json,1LL6CAYsZdY3ZLNbYblR_RdW9aAII-L5i,
/france_ligue-1/2016-2017/2016-11-06 - 22-45 Paris SG 4 - 0 Rennes/Labels.json,1-QGP0napc8hwUfgRffk0NlQKp-QEP2m0,
/france_ligue-1/2016-2017/2016-11-19 - 19-00 Paris SG 2 - 0 Nantes/Labels.json,1D7b_qaIVwGw9WHLRG45snKGW5jFL1yk2,
/france_ligue-1/2016-2017/2016-11-27 - 22-45 Lyon 1 - 2 Paris SG/Labels.json,17ALce4zqRvP35Zx5jjJoubMD9bWEChCR,
/france_ligue-1/2016-2017/2016-12-21 - 22-50 Paris SG 5 - 0 Lorient/Labels.json,18Zyi0A0DaCM_aa6Xgo4QcGBRF3JBr9X4,
/france_ligue-1/2016-2017/2017-02-26 - 23-00 Marseille 1 - 5 Paris SG/Labels.json,1unXd7B83hoDAV1H8aqyH_vUhXOsufMdN,
/france_ligue-1/2016-2017/2016-12-11 - 22-45 Paris SG 2 - 2 Nice/Labels.json,1AT4gOari9pz1nFFX2CkdV1Rpd560z4CG,
/france_ligue-1/2016-2017/2017-02-10 - 22-45 Bordeaux 0 - 3 Paris SG/Labels.json,1rdR25GLxxUxwJPdzbgLE88aoSANnCAAf,
/france_ligue-1/2016-2017/2017-02-19 - 23-00 Paris SG 0 - 0 Toulouse/Labels.json,1HZ3dOEYj3B7OfSgi6eJFuyfcKFaum6-t,
/france_ligue-1/2016-2017/2016-12-17 - 19-00 Guingamp 2 - 1 Paris SG/Labels.json,1apxPz3KSOXOYDd8tFvXFRmVeTU-dgjuV,
/france_ligue-1/2016-2017/2017-01-21 - 19-00 Nantes 0 - 2 Paris SG/Labels.json,1KR2tZ-gH14CJkcTLJkEyuY8eL6wMqdGl,
/france_ligue-1/2016-2017/2017-03-19 - 23-00 Paris SG 2 - 1 Lyon/Labels.json,1aoyuJ3oJUJ_RobFw4vqkG_b7YmUKL3jt,
/france_ligue-1/2016-2017/2017-03-12 - 23-00 Lorient 1 - 2 Paris SG/Labels.json,1z29aa3IqKWZUwShaXVg_rapi0bZ-4eeL,
/france_ligue-1/2016-2017/2017-05-06 - 18-00 Paris SG 5 - 0 Bastia/Labels.json,1-A80uxiCak2Wtc3EgHdoNumRbWqWnQbq,
/france_ligue-1/2016-2017/2017-05-20 - 22-00 Paris SG 1 - 1 Caen/Labels.json,1E9ph9hBGmfgwp-88J_bkdVs2xrLYtYLa,
/france_ligue-1/2016-2017/2017-04-30 - 22-00 Nice 3 - 1 Paris SG/Labels.json,160wkKQZKgTQE8mv2CUTaiOfzNik_6A9n,
/france_ligue-1/2016-2017/2017-04-22 - 18-00 Paris SG 2 - 0 Montpellier/Labels.json,12Kj50WzaXuIU08hQR2N64_xV9EHAUDeN,
/france_ligue-1/2016-2017/2017-04-18 - 19-30 Metz 2 - 3 Paris SG/Labels.json,1_66aKBOnpuJ7CTgsqYhTd9-qsl2fsSNj,
/france_ligue-1/2016-2017/2017-04-14 - 21-45 Angers 0 - 2 Paris SG/Labels.json,1BaNWw0Q7mUtqxNgpuRchUMIjGcZbcORi,
/france_ligue-1/2014-2015/2015-04-05 - 22-00 Marseille 2 - 3 Paris SG/Labels.json,11oFP0JS55bMFqXrwrcnRBgw7EkvZKtyc,
/italy_serie-a/2015-2016/2015-09-22 - 21-45 Udinese 2 - 3 AC Milan/Labels.json,1Cnr4Mkb0gwBQrJvrpcOAmrL_VJw3m9cl,
/italy_serie-a/2015-2016/2015-09-20 - 16-00 Genoa 0 - 2 Juventus/Labels.json,1UIth-JMyWXhgmykr_myLcy9bzkkcZPUp,
/italy_serie-a/2015-2016/2015-09-27 - 21-45 Inter 1 - 4 Fiorentina/Labels.json,1pYOD3R4Azxon6Y2FGV5YSahfB8r3hFlr,
/italy_serie-a/2015-2016/2015-08-29 - 21-45 AC Milan 2 - 1 Empoli/Labels.json,1C6SFx0pfhqMPme-juYTwwCLn8f8F4rQq,
/italy_serie-a/2015-2016/2015-09-20 - 13-30 Chievo 0 - 1 Inter/Labels.json,1JVRwTOCfk1lEDYi6Wy80yto1jxagdTcF,
/italy_serie-a/2015-2016/2015-09-26 - 21-45 Napoli 2 - 1 Juventus/Labels.json,117U8HZfy5k5f-1aqBQy6B0vHWzmPiSpt,
/italy_serie-a/2015-2016/2015-11-07 - 22-45 AC Milan 0 - 0 Atalanta/Labels.json,1_mr_N0TXxEdnEF9nsE9A7MHCwemA2xa3,
/italy_serie-a/2015-2016/2015-11-01 - 22-45 Lazio 1 - 3 AC Milan/Labels.json,1sw4fL7FN_GdZni5qVBdRx2SFbztUmVPC,
/italy_serie-a/2015-2016/2015-11-22 - 22-45 Inter 4 - 0 Frosinone/Labels.json,1mMAXc2wWFgDTn83J37mOnSTTn3MH5x6m,
/italy_serie-a/2014-2015/2015-02-15 - 14-30 AC Milan 1 - 1 Empoli/Labels.json,1v_VSPEURWQ2nnW97l4grX00AcSkIMGd6,
/italy_serie-a/2014-2015/2015-04-19 - 21-45 Inter 0 - 0 AC Milan/Labels.json,10O7RfWmMOmIKYbFlCnjeGB9YFfMkLWwP,
/italy_serie-a/2014-2015/2015-04-29 - 21-45 Juventus 3 - 2 Fiorentina/Labels.json,1lV0s7W7Gtvt5UcrQoFeiZdC8P6AuH5w7,
/italy_serie-a/2014-2015/2015-04-11 - 21-45 Verona 0 - 3 Inter/Labels.json,1-WWafYxT_bQmBvePrksy2gSbIw_1iTPl,
/italy_serie-a/2014-2015/2015-05-10 - 21-45 Lazio 1 - 2 Inter/Labels.json,1QDrvIWJvdGfc46EYurgsKC9bLQREN_bc,
/italy_serie-a/2014-2015/2015-04-25 - 19-00 Udinese 2 - 1 AC Milan/Labels.json,1GnF7pR3bq9v_SX9MZir5Eb9V7dQK1lPs,
/italy_serie-a/2014-2015/2015-05-17 - 13-30 Sassuolo 3 - 2 AC Milan/Labels.json,1WD1qSHFGCtRqBX2GfLrJSyVEsImM7QhD,
/italy_serie-a/2014-2015/2015-04-25 - 21-45 Inter 2 - 1 AS Roma/Labels.json,1851JhZVa37ydFjWB1Bor-QyLmjjtI4xP,
/italy_serie-a/2014-2015/2015-04-26 - 16-00 Torino 2 - 1 Juventus/Labels.json,13qPOmnl11SUZhNGMH6QQI4ia5qKDA8ot,
/italy_serie-a/2014-2015/2015-05-03 - 21-45 Napoli 3 - 0 AC Milan/Labels.json,1Q1IgBw2CvUjakAhsXTWoYAz-tHJqBhmw,
/italy_serie-a/2014-2015/2015-05-16 - 19-00 Inter 1 - 2 Juventus/Labels.json,1zg5yuS4GAxJ5v_-zW4UkHZDp2OvkkUJ7,
/italy_serie-a/2016-2017/2016-08-27 - 21-45 Napoli 4 - 2 AC Milan/Labels.json,1SXgiRqsv27ySpJ3RQ6bTMQ41h2aE4O_1,
/italy_serie-a/2016-2017/2016-09-25 - 21-45 Fiorentina 0 - 0 AC Milan/Labels.json,14QlLIG_-8cS64jfKJCN-V6409_Zd0BQv,
/italy_serie-a/2016-2017/2016-10-02 - 21-45 AS Roma 2 - 1 Inter/Labels.json,1UTo7SyMKZ_WM-PfE4DG5pdvPkK5fI5Nl,
/italy_serie-a/2016-2017/2016-11-26 - 22-45 Empoli 1 - 4 AC Milan/Labels.json,1shYF4x3BQhWxUAIiJyDJ4Dmg3-INfvuX,
/italy_serie-a/2016-2017/2016-09-24 - 21-45 Napoli 2 - 0 Chievo/Labels.json,10DSZruq00SN3vpF4srEHMNLs--3MM-Ci,
/italy_serie-a/2016-2017/2016-09-25 - 13-30 Torino 3 - 1 AS Roma/Labels.json,1-F_SjOAB80-PD4uVwAfcw9illxVurw2t,
/italy_serie-a/2016-2017/2016-11-20 - 17-00 Atalanta 2 - 1 AS Roma/Labels.json,12_i7wLyILcPNMNaSF5L2N7ciSsrRsQSP,
/italy_serie-a/2016-2017/2016-09-20 - 21-45 AC Milan 2 - 0 Lazio/Labels.json,1y1D-tYwrjPS-5B8GZd9fghIn_Vx-AY2O,
/italy_serie-a/2016-2017/2016-09-11 - 16-00 AC Milan 0 - 1 Udinese/Labels.json,1RDC9s97r9it4eBj83eGZyKXPUrjLCOE6,
/italy_serie-a/2016-2017/2017-01-08 - 17-00 Genoa 0 - 1 AS Roma/Labels.json,1gKwXjSsCz_Sdf8KoxTbb0skdVyCYMeA6,
/italy_serie-a/2016-2017/2016-12-04 - 17-00 Lazio 0 - 2 AS Roma/Labels.json,1NsTqlw6lfNiRsCu8gvetK-Z65IKXnnhA,
/italy_serie-a/2016-2017/2017-04-30 - 21-45 Inter 0 - 1 Napoli/Labels.json,18tG4hIzoB2NOA1MVJw-r9903NgB1wk8w,
/italy_serie-a/2016-2017/2017-02-25 - 20-00 Napoli 0 - 2 Atalanta/Labels.json,1XcItTlsbUfK4nRlOkHOCfDNzQOvpSHtL,
/italy_serie-a/2016-2017/2016-08-20 - 19-00 AS Roma 4 - 0 Udinese/Labels.json,166aXzC9R5hR8ENpFKVI6LJ6J6pf693jX,
/italy_serie-a/2016-2017/2017-05-20 - 21-45 Napoli 4 - 1 Fiorentina/Labels.json,1_Gn2sagY_vHkoA1znJ3UZ4xxQ_Hdp5Tb,
/italy_serie-a/2016-2017/2017-01-29 - 17-00 Sampdoria 3 - 2 AS Roma/Labels.json,1EiOej3A02ZYfJC_JnTy1EZVdoelensyu,
/italy_serie-a/2016-2017/2017-02-26 - 22-45 Inter 1 - 3 AS Roma/Labels.json,1-1RGGQo-5sWhCI5paoKd_CeleSgIVTb1,
/italy_serie-a/2016-2017/2017-02-07 - 22-45 AS Roma 4 - 0 Fiorentina/Labels.json,1g_K7dq1QDnG0QkN9N7UIQXJJQbXjUtua,
/italy_serie-a/2016-2017/2017-04-01 - 21-45 AS Roma 2 - 0 Empoli/Labels.json,1eTtDbyxSMY3WgwJfLjLp7Ki6GjSlEfR6,
/italy_serie-a/2016-2017/2016-09-21 - 21-45 Genoa 0 - 0 Napoli/Labels.json,1_6nA6c9HhYXyLf4yylSKHE8WB6tfF-Pq,
/italy_serie-a/2016-2017/2016-09-18 - 21-45 Fiorentina 1 - 0 AS Roma/Labels.json,1ERMpCMYIsF4w_k3FhDrwdszw-4-aN7Iy,
/italy_serie-a/2016-2017/2017-04-02 - 21-45 Napoli 1 - 1 Juventus/Labels.json,1J0rqw3lYrJSuhWtVwGzoL7ZjXHVqjfmn,
/italy_serie-a/2016-2017/2016-12-12 - 23-00 AS Roma 1 - 0 AC Milan/Labels.json,1E5mungWhp7SlD_Ma1MjiK0LoyLodFySY,
/italy_serie-a/2016-2017/2017-02-19 - 17-00 Chievo 1 - 3 Napoli/Labels.json,132KLJ7HfBvOGcOs6mzLwL_M2MAKvcpgp,
/italy_serie-a/2016-2017/2017-01-22 - 22-45 AS Roma 1 - 0 Cagliari/Labels.json,1G10niowKea4B_zHG5Uca4SKDY1acVrEM,
/italy_serie-a/2016-2017/2016-11-05 - 22-45 Napoli 1 - 1 Lazio/Labels.json,1WkQ3KIke9t15g-Y9cc88inTpfH975Fx_,
/italy_serie-a/2016-2017/2016-10-02 - 19-00 AC Milan 4 - 3 Sassuolo/Labels.json,1ahF2_BFydolI8ELwQX7-0eoWT-43H7mk,
/italy_serie-a/2016-2017/2016-10-29 - 21-45 Juventus 2 - 1 Napoli/Labels.json,1vHQDYy8LbDrNWLrKLGJGmC8LlE5CI6vd,
/italy_serie-a/2016-2017/2017-03-12 - 22-45 Palermo 0 - 3 AS Roma/Labels.json,1JJVasblu-gqS1neeNOB-wkxVUGPQfLi6,
/italy_serie-a/2016-2017/2017-04-15 - 21-45 Napoli 3 - 0 Udinese/Labels.json,1qXwUiB5kZQJW14E_UDCHyDpRFUFFLg4j,
/italy_serie-a/2016-2017/2017-04-30 - 13-30 AS Roma 1 - 3 Lazio/Labels.json,16SIr8k4xQw8T4QsrahtJpOsdGYt82iIG,
/italy_serie-a/2016-2017/2016-10-15 - 16-00 Napoli 1 - 3 AS Roma/Labels.json,1mM2578YRX6jKn_b7IWGRUdr5NtPcYStW,
/italy_serie-a/2016-2017/2016-09-16 - 21-45 Sampdoria 0 - 1 AC Milan/Labels.json,1xAquRAg5AI9DNa07EijgAgsnmyBHG4UZ,
/italy_serie-a/2016-2017/2016-09-21 - 21-45 AS Roma 4 - 0 Crotone/Labels.json,1rbFmhX8xTnyTlozH_RHYWWT5OIwEDlwD,
/italy_serie-a/2016-2017/2016-08-28 - 21-45 Cagliari 2 - 2 AS Roma/Labels.json,1uU-xrfp2keZZm1eFjkqrFW1WF_kOmkZS,
/italy_serie-a/2016-2017/2017-05-06 - 19-00 Napoli 3 - 1 Cagliari/Labels.json,1sGlt_3XnDEHGIErWfhZr01BrEiTC3Px7,
/italy_serie-a/2016-2017/2016-08-21 - 21-45 Pescara 2 - 2 Napoli/Labels.json,1iRaVN-sG6DeevHNJkyNe_ca9Ggfx3yZM,
/italy_serie-a/2016-2017/2016-09-17 - 21-45 Napoli 3 - 1 Bologna/Labels.json,1SdiWs-Sb1PMNEBA-x8aSatpRUaGEqI_j,
/italy_serie-a/2016-2017/2016-09-10 - 21-45 Palermo 0 - 3 Napoli/Labels.json,1UCmb47PbiN0-gmkp9rOs2mSeWEqMkhzV,
/italy_serie-a/2016-2017/2016-10-23 - 21-45 AS Roma 4 - 1 Palermo/Labels.json,1oyv-3XqC8xxVHXUvK-IRi9QLHjxFQF1r,
/italy_serie-a/2016-2017/2016-10-23 - 16-00 Crotone 1 - 2 Napoli/Labels.json,1TgDXkOFjy3eO7-ilMMXeqNaCyF1ZMk6w,
/italy_serie-a/2016-2017/2016-11-06 - 22-45 AS Roma 3 - 0 Bologna/Labels.json,1m9mLJ1ma1D-bFI-G_SmfA9ZcMmVAh6t6,
/italy_serie-a/2016-2017/2016-10-30 - 17-00 Empoli 0 - 0 AS Roma/Labels.json,1EfI4jC0OSOnjmJHLqQzpAYIkqob921dd,
/italy_serie-a/2016-2017/2016-10-26 - 21-45 Sassuolo 1 - 3 AS Roma/Labels.json,17rXh-TguoXlwfawG6vt49I_2yETfvjSp,
/italy_serie-a/2016-2017/2016-11-20 - 22-45 AC Milan 2 - 2 Inter/Labels.json,1GxGzg8zK6o1RRmRzpnJXw7Mpz6_yRoBL,
/italy_serie-a/2016-2017/2016-11-06 - 17-00 Palermo 1 - 2 AC Milan/Labels.json,1c-bRGlmQhbWUbYruHFjvuRaLOfxmUIr9,
/italy_serie-a/2016-2017/2016-10-26 - 21-45 Napoli 2 - 0 Empoli/Labels.json,1FRSVl53juS3MQGmc5X6b0fkgMScfKlY1,
/italy_serie-a/2016-2017/2016-10-30 - 17-00 AC Milan 1 - 0 Pescara/Labels.json,1AyIh86Yo3epe3rQ9JlRn2ubqJo_1nmX6,
/italy_serie-a/2016-2017/2016-10-25 - 21-45 Genoa 3 - 0 AC Milan/Labels.json,150PcFUNWXRtYdyrKkbeAUbHiuoEURQha,
/italy_serie-a/2016-2017/2016-11-27 - 22-45 AS Roma 3 - 2 Pescara/Labels.json,10cSH2yBmp7IGGDEFl0sH4kV2jN7bCtMH,
/italy_serie-a/2016-2017/2016-12-04 - 14-30 AC Milan 2 - 1 Crotone/Labels.json,1PJbCQM-HTyAvo4hpoO3i67ArPaDhN6Ny,
/italy_serie-a/2016-2017/2017-01-15 - 17-00 Udinese 0 - 1 AS Roma/Labels.json,1b0SyMn204_1DLbg0L6xwQOk9gwSPSW47,
/italy_serie-a/2016-2017/2017-01-08 - 20-00 AC Milan 1 - 0 Cagliari/Labels.json,1ORLWk9Q-knWzZ2zolozbUjUnIxlxpquu,
/italy_serie-a/2016-2017/2017-02-10 - 22-45 Napoli 2 - 0 Genoa/Labels.json,1keOD3rQ4pjkR1ChhhUxYjn3KFgbJWfQS,
/italy_serie-a/2016-2017/2017-01-21 - 22-45 AC Milan 1 - 2 Napoli/Labels.json,15pGwdd-c4c5vjmx_bPf0K7WYASOgiSfa,
/italy_serie-a/2016-2017/2016-12-22 - 22-45 AS Roma 3 - 1 Chievo/Labels.json,1SLJfb2eK6uoITeWDQXoY39VO54zNMD7A,
/italy_serie-a/2016-2017/2016-12-17 - 20-00 AC Milan 0 - 0 Atalanta/Labels.json,1M5NmOYyDtrrKzIYt3GGXugfOSG2qbc5u,
/italy_serie-a/2016-2017/2017-02-04 - 22-45 Bologna 1 - 7 Napoli/Labels.json,1XN0L8lCr7E11fF5b5C76EZfC8JwjOBwm,
/italy_serie-a/2016-2017/2017-01-15 - 17-00 Napoli 3 - 1 Pescara/Labels.json,1EGLEBqk7M8KlBc3tmxrOpoOT70V4Nq23,
/italy_serie-a/2016-2017/2017-02-12 - 14-30 Crotone 0 - 2 AS Roma/Labels.json,17LoZEejZvGTfuknNIKXGvZZcMzX4GHiA,
/italy_serie-a/2016-2017/2017-02-19 - 20-00 AS Roma 4 - 1 Torino/Labels.json,11Hahd1MvegYBI40dQ3nWSTiMPQ8pP-H7,
/italy_serie-a/2016-2017/2017-05-07 - 21-45 AC Milan 1 - 4 AS Roma/Labels.json,1SVWo5RTprcHPoKgKIFLUwLim1E2O5RXc,
/italy_serie-a/2016-2017/2017-04-09 - 21-45 Lazio 0 - 3 Napoli/Labels.json,1xunELvTCgFpjzPAu-iXUeOtoSeHIE4qy,
/italy_serie-a/2016-2017/2017-04-15 - 16-00 AS Roma 1 - 1 Atalanta/Labels.json,1XCVINeAvPrfrcRRHG39OrJXIk2i4BGiM,
/italy_serie-a/2016-2017/2017-03-19 - 14-30 Empoli 2 - 3 Napoli/Labels.json,1A2WpTIiYAg8o0Qqxa-o5HSUg5um-WI_x,
/italy_serie-a/2016-2017/2017-04-24 - 21-45 Pescara 1 - 4 AS Roma/Labels.json,1QapjTe4iCh4dWw-yoot7ozmzIt81c3kv,
/italy_serie-a/2016-2017/2017-04-09 - 16-00 Bologna 0 - 3 AS Roma/Labels.json,1XBa76241izzFflUYCekvWmCUr22Ts11k,
/italy_serie-a/2016-2017/2017-03-19 - 22-45 AS Roma 3 - 1 Sassuolo/Labels.json,1UkGWznyAzFMrCib2lajOxqXSYOmVJmY4,
/italy_serie-a/2016-2017/2017-04-23 - 13-30 Sassuolo 2 - 2 Napoli/Labels.json,1DxtvKAXXz0FC4AASW5hoAvBinwWL23Bi,
/italy_serie-a/2016-2017/2017-03-12 - 17-00 Napoli 3 - 0 Crotone/Labels.json,18k9NaVeKPSe8ZyMEDg6lxC4nAf08l65w,
/italy_serie-a/2016-2017/2017-03-04 - 17-00 AS Roma 1 - 2 Napoli/Labels.json,1zNEpLvFB_LTz1vs0OGPaFTSrih0Iq4iU,
/italy_serie-a/2016-2017/2017-05-14 - 16-00 Torino 0 - 5 Napoli/Labels.json,1JqAEB5QKr64Dmpv9FldvmNzvo1yzv8fi,
/italy_serie-a/2016-2017/2017-05-14 - 21-45 AS Roma 3 - 1 Juventus/Labels.json,1Tp93ka6oR6r3rEVjGnX58O13JJ_QNFmb,
/italy_serie-a/2016-2017/2017-05-28 - 19-00 AS Roma 3 - 2 Genoa/Labels.json,11Qah1CAFZYcyu2G2_6p3-EIkhdkgBW_o,
/italy_serie-a/2016-2017/2017-05-28 - 19-00 Sampdoria 2 - 4 Napoli/Labels.json,1cJH8wTIdr9lBc_QzWCC2lQZsskF-jl2z,
/italy_serie-a/2016-2017/2017-05-20 - 19-00 Chievo 3 - 5 AS Roma/Labels.json,1sEftO_g6WYOAiNXEVuP4Xxp5ghDXY6My,
/europe_uefa-champions-league/2014-2015/2015-03-10 - 22-45 Real Madrid 3 - 4 Schalke/Labels.json,16p-fmg1o5-xi-pfopFCWSoYRf5BWqT8d,
/europe_uefa-champions-league/2014-2015/2014-11-04 - 20-00 Zenit Petersburg 1 - 2 Bayer Leverkusen/Labels.json,1AQcKWbSZsSWiK_DM_3uReZh595KfRYpx,
/europe_uefa-champions-league/2014-2015/2015-02-24 - 22-45 Manchester City 1 - 2 Barcelona/Labels.json,1_nEFqzLqyl3_BQDRMR4aR5ciouXf53lU,
/europe_uefa-champions-league/2014-2015/2015-03-17 - 22-45 Monaco 0 - 2 Arsenal/Labels.json,1zKBv6bAb3CZ5OrYdw6seuOTac6VhOKeN,
/europe_uefa-champions-league/2014-2015/2015-04-15 - 21-45 FC Porto 3 - 1 Bayern Munich/Labels.json,1kBbGbUgLLup_h6WW-IhoFfRJHnYx00pl,
/europe_uefa-champions-league/2014-2015/2015-05-05 - 21-45 Juventus 2 - 1 Real Madrid/Labels.json,1icI3LwpxrkFravT03qsd6jQ3L_idVi8j,
/europe_uefa-champions-league/2014-2015/2015-04-22 - 21-45 Real Madrid 1 - 0 Atl. Madrid/Labels.json,1PGsaqZ9Vf-35gydDxbT7ELESMSwR09_i,
/europe_uefa-champions-league/2014-2015/2015-03-11 - 22-45 Bayern Munich 7 - 0 Shakhtar Donetsk/Labels.json,1KTyVUlWdUfPi2e6PXw3k4brxGAQ_rFgU,
/europe_uefa-champions-league/2014-2015/2014-12-09 - 22-45 Real Madrid 4 - 0 Ludogorets/Labels.json,1jyj3s-6Z0wBnJYS1frAlku49j4tpWk-o,
/europe_uefa-champions-league/2014-2015/2014-12-09 - 22-45 Galatasaray 1 - 4 Arsenal/Labels.json,1DXEKH9LTX55RWnj-S4mY_I6Z3oN3aL-K,
/europe_uefa-champions-league/2014-2015/2014-11-04 - 22-45 Dortmund 4 - 1 Galatasaray/Labels.json,167kxane_dcutCb1sZGh4v8sd5Zw0H8xV,
/europe_uefa-champions-league/2014-2015/2014-11-04 - 22-45 Arsenal 3 - 3 Anderlecht/Labels.json,183qjTd9xZonw02q_akPM7kTnDPHTi3Tg,
/europe_uefa-champions-league/2014-2015/2015-04-21 - 21-45 Barcelona 2 - 0 Paris SG/Labels.json,1s-IUmsobAJI9XFm_RA-vaMDf4gMeGf82,
/europe_uefa-champions-league/2014-2015/2014-11-05 - 22-45 Manchester City 1 - 2 CSKA Moscow/Labels.json,1mjg8MMKxl7VemY_GOJkKXSkKciSxhYNu,
/europe_uefa-champions-league/2014-2015/2015-04-15 - 21-45 Paris SG 1 - 3 Barcelona/Labels.json,1X8jMXsMzJ3xBZmPyFZd0d4F8F0NfJV6N,
/europe_uefa-champions-league/2014-2015/2014-11-05 - 22-45 Ajax 0 - 2 Barcelona/Labels.json,1Lg7NVEs4KDyiOY8VpuCRCwSTB0PRHEGr,
/europe_uefa-champions-league/2014-2015/2014-11-04 - 22-45 Real Madrid 1 - 0 Liverpool/Labels.json,11ELNqFZM3Z7OjyD5Qm-PKd5fLHDCqPTO,
/europe_uefa-champions-league/2014-2015/2014-11-05 - 22-45 Bayern Munich 2 - 0 AS Roma/Labels.json,1dTmn4EGDABcW9ccsjY7muOd_iPCMy11F,
/europe_uefa-champions-league/2014-2015/2014-12-09 - 22-45 Benfica 0 - 0 Bayer Leverkusen/Labels.json,1q-QkWpnnQNrG9epPhhyzWi3Mqp9CY_zA,
/europe_uefa-champions-league/2014-2015/2014-12-10 - 22-45 Barcelona 3 - 1 Paris SG/Labels.json,1AATBrMUedOaVMLPl10ck_3eYFMfw7iez,
/europe_uefa-champions-league/2014-2015/2014-12-10 - 22-45 Bayern Munich 3 - 0 CSKA Moscow/Labels.json,1ohjHcMskskiuaPORcXMeLKKJLWBokoN1,
/europe_uefa-champions-league/2014-2015/2015-02-17 - 22-45 Paris SG 1 - 1 Chelsea/Labels.json,1uf-clrTsw4720eYk1vHAwVCij3Lbx9Ki,
/europe_uefa-champions-league/2014-2015/2015-02-17 - 22-45 Shakhtar Donetsk 0 - 0 Bayern Munich/Labels.json,1JC6e4fGEVTZFri87NxC2a9w1mCc_GmGW,
/europe_uefa-champions-league/2014-2015/2015-02-25 - 22-45 Arsenal 1 - 3 Monaco/Labels.json,1pU4rdGvQyOp9KhXSAwMX7_VlOwLGIdpC,
/europe_uefa-champions-league/2014-2015/2014-12-09 - 22-45 Liverpool 1 - 1 Basel/Labels.json,11vkGWRjzwfsSzDIBaLQp3jUydAM5JXfj,
/europe_uefa-champions-league/2014-2015/2015-02-18 - 22-45 Schalke 0 - 2 Real Madrid/Labels.json,1Q3ARdw1QGd3aKQTTs2_HZV-O64YxuBM3,
/europe_uefa-champions-league/2014-2015/2014-12-09 - 22-45 Dortmund 1 - 1 Anderlecht/Labels.json,1u7gnvHfczoAjq9cJAf_rQKz8KGlud4-E,
/europe_uefa-champions-league/2014-2015/2015-02-25 - 22-45 Bayer Leverkusen 1 - 0 Atl. Madrid/Labels.json,1BKx5O24Awag6ejlILVc5mqHNdDintiu3,
/europe_uefa-champions-league/2014-2015/2015-03-10 - 22-45 FC Porto 4 - 0 Basel/Labels.json,18wkESn0R6tpGJoS-fgPxgaPNsUSz4jls,
/europe_uefa-champions-league/2014-2015/2015-04-14 - 21-45 Juventus 1 - 0 Monaco/Labels.json,1sv5J8kBdGtNI6XmRnGJlaii8jIcVwNmy,
/europe_uefa-champions-league/2014-2015/2015-03-18 - 22-45 Barcelona 1 - 0 Manchester City/Labels.json,1IUzVwx2bKCdDEyBIpF-8bkf7vJ9arCIo,
/europe_uefa-champions-league/2014-2015/2015-04-14 - 21-45 Atl. Madrid 0 - 0 Real Madrid/Labels.json,1dcYhHPTOI0Dp18sS6OEChuUSW3mq2oMi,
/europe_uefa-champions-league/2014-2015/2015-05-12 - 21-45 Bayern Munich 3 - 2 Barcelona/Labels.json,1WvY2BgegkVWDnLYS3sEQC1JqAlxnq0S3,
/europe_uefa-champions-league/2014-2015/2015-04-22 - 21-45 Monaco 0 - 0 Juventus/Labels.json,11kXuZF6r2fdUCMIOJOev0ekpvStR0lg4,
/europe_uefa-champions-league/2014-2015/2015-03-18 - 22-45 Dortmund 0 - 3 Juventus/Labels.json,1c3jPEkLnOYG_k007YgOyK9bkvL43SJ65,
/europe_uefa-champions-league/2014-2015/2015-04-21 - 21-45 Bayern Munich 6 - 1 FC Porto/Labels.json,1W0W0DioIR2aIxr7kPLFDB_-kiKkUtme_,
/europe_uefa-champions-league/2014-2015/2015-05-06 - 21-45 Barcelona 3 - 0 Bayern Munich/Labels.json,12758KpGpkGzqK4uJWm0B2ExQA2wMImIi,
/europe_uefa-champions-league/2015-2016/2015-09-29 - 21-45 Bayern Munich 5 - 0 D. Zagreb/Labels.json,18ugNi2J7tXmS7uMwoC-5BmmQHqS0ZR7Y,
/europe_uefa-champions-league/2015-2016/2015-11-03 - 22-45 Real Madrid 1 - 0 Paris SG/Labels.json,1wMMOJs1-ItL0wUK8O9oON8X6aHybmjrH,
/europe_uefa-champions-league/2015-2016/2015-09-15 - 21-45 PSV 2 - 1 Manchester United/Labels.json,1sj7a3QeI4Y0kVthNnpVUUG6uBLk4mR80,
/europe_uefa-champions-league/2015-2016/2015-11-03 - 22-45 Sevilla 1 - 3 Manchester City/Labels.json,1fa5WHDo5ItXwiAxOZHb4DFxbu6Ol60No,
/europe_uefa-champions-league/2015-2016/2015-11-25 - 22-45 Shakhtar Donetsk 3 - 4 Real Madrid/Labels.json,1w3F5jN6j4HzcTZgaqepws7yjLds7g7Zj,
/europe_uefa-champions-league/2015-2016/2015-09-16 - 21-45 Chelsea 4 - 0 Maccabi Tel Aviv/Labels.json,1hl_5GRb0NIWoSjIA-X5a3ADcgH-KCa1e,
/europe_uefa-champions-league/2015-2016/2015-09-16 - 21-45 Olympiakos Piraeus 0 - 3 Bayern Munich/Labels.json,1yvwouACeHeMyPttlJsz4kl9zOFvSGsZ8,
/europe_uefa-champions-league/2015-2016/2015-11-03 - 22-45 Shakhtar Donetsk 4 - 0 Malmo FF/Labels.json,12IZ74L2lRyIb85-sKgUGWU2t7Q3rG04W,
/europe_uefa-champions-league/2015-2016/2016-04-05 - 21-45 Bayern Munich 1 - 0 Benfica/Labels.json,1eu2ABDeBG_xeGFl408RuTX91u24Dyl-7,
/europe_uefa-champions-league/2015-2016/2015-09-16 - 21-45 Dyn. Kiev 2 - 2 FC Porto/Labels.json,1Nadb77IoDPZ62pRniPj6muj_xpSGxCeE,
/europe_uefa-champions-league/2015-2016/2015-09-29 - 21-45 Barcelona 2 - 1 Bayer Leverkusen/Labels.json,16B9b3meVzX2Yb_9SLDwWfbHwfOElDBI_,
/europe_uefa-champions-league/2015-2016/2015-09-29 - 21-45 FC Porto 2 - 1 Chelsea/Labels.json,1zKswWLneQcmFLxL0m600wvugRBA-Ehgc,
/europe_uefa-champions-league/2015-2016/2015-09-15 - 21-45 Sevilla 3 - 0 B. Monchengladbach/Labels.json,1vFjwQlckjljS9wGeuhRQKo5fZ6OnXMrK,
/europe_uefa-champions-league/2015-2016/2015-09-15 - 21-45 Galatasaray 0 - 2 Atl. Madrid/Labels.json,1vUxVRZO7ACiq1rO2ejioj6aGcieYeAGk,
/europe_uefa-champions-league/2015-2016/2015-09-16 - 21-45 AS Roma 1 - 1 Barcelona/Labels.json,1rKVBgYAvo6_yPK3CmU1jhhf05Coyntux,
/europe_uefa-champions-league/2015-2016/2015-09-15 - 21-45 Paris SG 2 - 0 Malmo FF/Labels.json,1UYPhzQImPh_ahvDlEa0koB2qzdzNHEAC,
/europe_uefa-champions-league/2015-2016/2015-11-25 - 22-45 Juventus 1 - 0 Manchester City/Labels.json,1TJTKk69QryZB-LH4b8Fnu4MYbIf1I1AK,
/europe_uefa-champions-league/2015-2016/2015-09-15 - 21-45 Manchester City 1 - 2 Juventus/Labels.json,10C6uLfeGXZgzZ5xii9NnWbZtrWrLLfAX,
/europe_uefa-champions-league/2015-2016/2015-09-15 - 21-45 Real Madrid 4 - 0 Shakhtar Donetsk/Labels.json,1XonQ4CVvZvVafefpIPhzXJo1rS2zqAJu,
/europe_uefa-champions-league/2015-2016/2015-11-24 - 20-00 BATE 1 - 1 Bayer Leverkusen/Labels.json,1QvGntp5NBsojTQWW9DXAWdYkzh5irKOX,
/europe_uefa-champions-league/2015-2016/2015-11-04 - 22-45 Barcelona 3 - 0 BATE/Labels.json,1LFXygHoPk6HTY0fdGy2wjTjqFsEBzYq_,
/europe_uefa-champions-league/2015-2016/2015-11-03 - 22-45 Benfica 2 - 1 Galatasaray/Labels.json,1bIpAuJ8eZ2gmlDwpf0BFAJYvwtR__fTq,
/europe_uefa-champions-league/2015-2016/2015-09-16 - 21-45 Bayer Leverkusen 4 - 1 BATE/Labels.json,1EbsD_0PT1PSIY9nF1J3_HZrNpNFxtE-2,
/europe_uefa-champions-league/2015-2016/2015-09-16 - 21-45 Gent 1 - 1 Lyon/Labels.json,1gkxlX5tVUwhEllLzkDq1dTnSsc108wdR,
/europe_uefa-champions-league/2015-2016/2015-09-29 - 21-45 Lyon 0 - 1 Valencia/Labels.json,1jKbUOsBDaraXv7uFVFff4DDLBhp8Ev8l,
/europe_uefa-champions-league/2015-2016/2015-09-29 - 21-45 Arsenal 2 - 3 Olympiakos Piraeus/Labels.json,1Aq4acXmNnUIl_z9PpFcSoNECioiMTP9i,
/europe_uefa-champions-league/2015-2016/2015-10-20 - 21-45 Arsenal 2 - 0 Bayern Munich/Labels.json,1F1Bo6JgjuvHivkX5Dticn4x1ecdI0V76,
/europe_uefa-champions-league/2015-2016/2015-11-03 - 18-00 FC Astana 0 - 0 Atl. Madrid/Labels.json,1NTRWYmh8xa2-sU3zOd7bFUoGPtNh0-QA,
/europe_uefa-champions-league/2015-2016/2015-11-03 - 22-45 Manchester United 1 - 0 CSKA Moscow/Labels.json,15-viFHmj_ZyqTp1ohJcbWgSkyJ5VUBRP,
/europe_uefa-champions-league/2015-2016/2015-11-04 - 22-45 Lyon 0 - 2 Zenit Petersburg/Labels.json,11s4I8D_tZ4UwhUNwTdKetdklLdmtL7MT,
/europe_uefa-champions-league/2015-2016/2015-11-03 - 22-45 PSV 2 - 0 Wolfsburg/Labels.json,14Cx1BjZNqKcKoYwOaM-iR8urc14NNe2e,
/europe_uefa-champions-league/2015-2016/2015-11-03 - 22-45 B. Monchengladbach 1 - 1 Juventus/Labels.json,1O68xUXTUzKOkoy5R5E0bdG4qy2YVJ72Z,
/europe_uefa-champions-league/2015-2016/2015-11-04 - 22-45 Bayern Munich 5 - 1 Arsenal/Labels.json,1tT79R63hSIgXajzZFhMIeykkrNoT_FUn,
/europe_uefa-champions-league/2015-2016/2015-11-04 - 22-45 Gent 1 - 0 Valencia/Labels.json,1C-FzT1cax1NxNa4I1-oxUZfQ4IwoehbZ,
/europe_uefa-champions-league/2015-2016/2015-11-04 - 22-45 Maccabi Tel Aviv 1 - 3 FC Porto/Labels.json,1HcozS5S0NMrJDMAKjOPMrosLNxyi9CLP,
/europe_uefa-champions-league/2015-2016/2015-11-24 - 20-00 Zenit Petersburg 2 - 0 Valencia/Labels.json,1JoHtUv9xLlQEfXwJTcoczPhSbqn0WOWR,
/europe_uefa-champions-league/2015-2016/2015-12-09 - 22-45 D. Zagreb 0 - 2 Bayern Munich/Labels.json,1OqqKBE4vh0v5AQdgS3C4K791K4D9gh4k,
/europe_uefa-champions-league/2015-2016/2015-11-25 - 22-45 Atl. Madrid 2 - 0 Galatasaray/Labels.json,1Qhe0L5tiWcxAkSsv2A4isE0eNcOB-Tjl,
/europe_uefa-champions-league/2015-2016/2015-11-25 - 22-45 B. Monchengladbach 4 - 2 Sevilla/Labels.json,1BvxDPaoBssQqkCH2qVgHaiC51XNW5I3t,
/europe_uefa-champions-league/2015-2016/2015-11-24 - 22-45 FC Porto 0 - 2 Dyn. Kiev/Labels.json,1kOE4UIMkrmVXqiMUDqGKJAh2AHbvEVMg,
/europe_uefa-champions-league/2015-2016/2015-11-25 - 22-45 Malmo FF 0 - 5 Paris SG/Labels.json,1w3OBWMNHtPbR_eMsDRRhylqcyPZqnjcx,
/europe_uefa-champions-league/2015-2016/2015-11-24 - 22-45 Maccabi Tel Aviv 0 - 4 Chelsea/Labels.json,1VEvh_J8aAa0OW_gYCJpKcxMzNbpV_wkS,
/europe_uefa-champions-league/2015-2016/2015-11-25 - 20-00 CSKA Moscow 0 - 2 Wolfsburg/Labels.json,1ExA1fftRVoJ5LqCmD1V25tW-e8zA1tgN,
/europe_uefa-champions-league/2015-2016/2015-11-24 - 22-45 Bayern Munich 4 - 0 Olympiakos Piraeus/Labels.json,18PpEBaXJQ7M2jkcEXxHcdYPOks5Ni9xv,
/europe_uefa-champions-league/2015-2016/2015-11-24 - 22-45 Barcelona 6 - 1 AS Roma/Labels.json,1KatP3f3qjtin0KBHZskZAxlIyR9QWd0g,
/europe_uefa-champions-league/2016-2017/2016-11-01 - 20-45 Besiktas 1 - 1 Napoli/Labels.json,1mLAR2E3YHlzpqOmI0HVrUUX7ZYIlbbXw,
/europe_uefa-champions-league/2016-2017/2016-11-01 - 22-45 Manchester City 3 - 1 Barcelona/Labels.json,1lk3Wvn32aaqCoB5Si59K2JQYCd0sqfL9,
/europe_uefa-champions-league/2016-2017/2016-11-23 - 22-45 Arsenal 2 - 2 Paris SG/Labels.json,1keGPQJO4zysMuSrfkJn6XR_V4pgraD9M,
/europe_uefa-champions-league/2016-2017/2017-04-12 - 21-45 Bayern Munich 1 - 2 Real Madrid/Labels.json,1laQNs3pAH8K21yzHSEBtrTQflr0imsvP,
/europe_uefa-champions-league/2016-2017/2016-09-28 - 21-45 Ludogorets 1 - 3 Paris SG/Labels.json,1gSqSc0iG-RUXt8cVNDGK0LiD9bpKEn6X,
/europe_uefa-champions-league/2016-2017/2016-10-19 - 21-45 Paris SG 3 - 0 Basel/Labels.json,1TBWY0kSeZlEMrJeyjTv0tdyncloogbuO,
/europe_uefa-champions-league/2016-2017/2017-03-08 - 22-45 Barcelona 6 - 1 Paris SG/Labels.json,1IW-h7PPyzPqxB9KIjQx8H-1mpNi-3KOT,
/europe_uefa-champions-league/2016-2017/2016-09-28 - 21-45 Napoli 4 - 2 Benfica/Labels.json,1_VsswwgRcVAeqXacxaUMaoHDAjt1DqcH,
/europe_uefa-champions-league/2016-2017/2016-09-13 - 21-45 Dyn. Kiev 1 - 2 Napoli/Labels.json,1cFPcpUOgyWQsTQG5mIK_QxbNeHh88kbg,
/europe_uefa-champions-league/2016-2017/2017-05-02 - 21-45 Real Madrid 3 - 0 Atl. Madrid/Labels.json,1Z0OdfPZ-LwJNWhbkVx753z6oDqwe30hE,
/europe_uefa-champions-league/2016-2017/2016-09-13 - 21-45 Barcelona 7 - 0 Celtic/Labels.json,1bg8MAx5PJW-3NUCsFO7zcUyZB9XH0CT-,
/europe_uefa-champions-league/2016-2017/2016-10-19 - 21-45 Barcelona 4 - 0 Manchester City/Labels.json,1N_RLy8lASo3q46rK47bkXa2bgYvZ-v-6,
/europe_uefa-champions-league/2016-2017/2016-11-23 - 22-45 Celtic 0 - 2 Barcelona/Labels.json,19YjWoD9NLA3VFCjnCmUc8MKdIWBLbFJX,
/europe_uefa-champions-league/2016-2017/2017-02-14 - 22-45 Paris SG 4 - 0 Barcelona/Labels.json,1zpgBPm-l2YaH-xBatp3mTiRLrvFCJCql,
/europe_uefa-champions-league/2016-2017/2017-02-15 - 22-45 Real Madrid 3 - 1 Napoli/Labels.json,14JVLbclx2jzOJUocF9vZElnyxP3T_uXr,
/europe_uefa-champions-league/2016-2017/2017-03-07 - 22-45 Napoli 1 - 3 Real Madrid/Labels.json,1x_MGjYql7UPHF7PXoV9f5hqkDKDWKW_e,
/europe_uefa-champions-league/2016-2017/2017-04-18 - 21-45 Real Madrid 4 - 2 Bayern Munich/Labels.json,15Fa7k-2RsCpVIZXHmPPXaj7Vjsdu8CM8,
/europe_uefa-champions-league/2016-2017/2016-12-06 - 22-45 Benfica 1 - 2 Napoli/Labels.json,1MYYCb4UM8Ku8DiDGb_66iyP5Bs0srO2-,
/europe_uefa-champions-league/2016-2017/2016-11-23 - 22-45 Napoli 0 - 0 Dyn. Kiev/Labels.json,1GLZWNKgcyMhfeL2DhSAHG0ae4IsVpoKt,
/germany_bundesliga/2015-2016/2015-09-12 - 16-30 Bayern Munich 2 - 1 FC Augsburg/Labels.json,1AyymHpRZOnZhIx0jvTOCtHA5D0pw9g5x,
/germany_bundesliga/2015-2016/2015-08-29 - 19-30 Bayern Munich 3 - 0 Bayer Leverkusen/Labels.json,1Ce3nHRuANPMjmN8injt-BZz0Z0G_1cke,
/germany_bundesliga/2015-2016/2015-10-24 - 16-30 Bayern Munich 4 - 0 FC Koln/Labels.json,1U9jO4W3dLNYtmB5-AZljnbRYzo3fenCM,
/germany_bundesliga/2015-2016/2015-11-08 - 17-30 Dortmund 3 - 2 Schalke/Labels.json,1pK3kSHaQVDgOwGCLGq30DrCL5-4-WjYM,
/germany_bundesliga/2015-2016/2015-08-22 - 16-30 Hoffenheim 1 - 2 Bayern Munich/Labels.json,1jV77RkZ7haQg5skXTOBR6_xsmxMYdVmZ,
/germany_bundesliga/2015-2016/2015-09-20 - 18-30 Dortmund 3 - 0 Bayer Leverkusen/Labels.json,1vFCPoc58ujGtuj0Hi77v-s4xfE6_nQKV,
/germany_bundesliga/2015-2016/2015-10-04 - 18-30 Bayern Munich 5 - 1 Dortmund/Labels.json,1XWqy-roImV9LGEQWFTQD_NpJqbaq8-7q,
/germany_bundesliga/2015-2016/2015-08-30 - 16-30 Dortmund 3 - 1 Hertha Berlin/Labels.json,1XcRCt2IiwPFA3iUR4J_2-oj6N0Fi4fVl,
/germany_bundesliga/2015-2016/2015-09-22 - 21-00 Bayern Munich 5 - 1 Wolfsburg/Labels.json,1yklCn-DyOght_SO7_dEWdXSVSgrnlP6v,
/germany_bundesliga/2015-2016/2015-09-19 - 16-30 Darmstadt 0 - 3 Bayern Munich/Labels.json,184vJmCidyIYUvnFDNEjU1Qdze6hOZ2zP,
/germany_bundesliga/2015-2016/2015-11-07 - 17-30 Bayern Munich 4 - 0 VfB Stuttgart/Labels.json,1xG0YN9CMTOEpkxb5aqa2hUz3Y0VuHi6b,
/germany_bundesliga/2015-2016/2016-04-23 - 16-30 Hertha Berlin 0 - 2 Bayern Munich/Labels.json,1azIbK6CAtCqEtSDhB1vez9xyTjShyN6J,
/germany_bundesliga/2015-2016/2015-09-26 - 16-30 1. FSV Mainz 05 0 - 3 Bayern Munich/Labels.json,1grv2jWxD3hRlGNYXLuqA34s7QI6dOLOu,
/germany_bundesliga/2015-2016/2015-12-12 - 17-30 Bayern Munich 2 - 0 Ingolstadt/Labels.json,1zBFefyH6sxA6Oz86rV9N27Zn8ITyRupU,
/germany_bundesliga/2015-2016/2016-04-02 - 16-30 Bayern Munich 1 - 0 Eintracht Frankfurt/Labels.json,1tsMJCu7s_HxHfbSdbvr57B_KkekL_TRh,
/germany_bundesliga/2015-2016/2016-04-16 - 19-30 Bayern Munich 3 - 0 Schalke/Labels.json,1zZvX4DKrwjojIQ_myfc6bQrDU2CzRu0W,
/germany_bundesliga/2015-2016/2016-01-31 - 19-30 Bayern Munich 2 - 0 Hoffenheim/Labels.json,11528I06h77Fx-Bk-OhPi2CV1fJWYJYeo,
/germany_bundesliga/2015-2016/2016-04-09 - 16-30 VfB Stuttgart 1 - 3 Bayern Munich/Labels.json,1fgxM1IKIAxMhzWRnJrLhgBMZlVIaNXEZ,
/germany_bundesliga/2014-2015/2015-05-09 - 16-30 Bayern Munich 0 - 1 FC Augsburg/Labels.json,148ELRMBmDmep_BG2NhTxyYKxzxDgANP4,
/germany_bundesliga/2014-2015/2015-04-25 - 19-30 Bayern Munich 1 - 0 Hertha Berlin/Labels.json,1LYx02eVqNZ50uQ_DE7WiIlSCEKfhhEuN,
/germany_bundesliga/2014-2015/2015-04-11 - 16-30 Bayern Munich 3 - 0 Eintracht Frankfurt/Labels.json,1uLI-c2BttDhcYlUNUy_84CJHysdi_nSZ,
/germany_bundesliga/2014-2015/2015-05-16 - 16-30 Wolfsburg 2 - 1 Dortmund/Labels.json,1RoPvLL30JL2MFzQ9ogX1iqsFiXpXN6AO,
/germany_bundesliga/2014-2015/2015-02-21 - 17-30 Paderborn 0 - 6 Bayern Munich/Labels.json,1acg_SNPNJ0Mdw7R2B66Tsx7Cq7WW9Nye,
/germany_bundesliga/2014-2015/2015-05-02 - 16-30 Hoffenheim 1 - 1 Dortmund/Labels.json,1kZL6c4lpRvJyFNUvn8Gmpi6od2HP5LKy,
/germany_bundesliga/2014-2015/2015-04-25 - 16-30 Dortmund 2 - 0 Eintracht Frankfurt/Labels.json,194_Mbc6vxSgqop0TcsOxSs_EDvz3Ahga,
/germany_bundesliga/2014-2015/2015-05-09 - 16-30 Dortmund 2 - 0 Hertha Berlin/Labels.json,1BUtT1TNlvJuH6y0tINNjy4LFXmyqCmKN,
/germany_bundesliga/2016-2017/2016-11-19 - 20-30 Dortmund 1 - 0 Bayern Munich/Labels.json,1YXi73dQrvdUuQJut_YyNlnnMdgLN6nB_,
/germany_bundesliga/2016-2017/2016-10-01 - 19-30 Bayer Leverkusen 2 - 0 Dortmund/Labels.json,1RxzNlJlKDtVlOzEK4PrFwAffiMNOaTzq,
/germany_bundesliga/2016-2017/2016-11-05 - 17-30 Hamburger SV 2 - 5 Dortmund/Labels.json,159yPfUx5qQkphhvQLou41FzO-PaB3Qa_,
/germany_bundesliga/2016-2017/2016-09-10 - 19-30 RB Leipzig 1 - 0 Dortmund/Labels.json,1IOE5CnM5ySStZMLrSJpl4Dwo0b5Egdxt,
/germany_bundesliga/2016-2017/2017-01-21 - 17-30 SV Werder Bremen 1 - 2 Dortmund/Labels.json,1DyrGOA9k8sDEen9uqXKdFjy8VTXeR2Bb,
/germany_bundesliga/2016-2017/2016-12-16 - 22-30 Hoffenheim 2 - 2 Dortmund/Labels.json,1i5T3Hbem42Qfi0xumh9G8KBcyEN7wSoI,
/germany_bundesliga/2016-2017/2017-04-29 - 16-30 Dortmund 0 - 0 FC Koln/Labels.json,14sCjEkGPPt684BEAhEaBOWyPuL0Hy5s-,
/germany_bundesliga/2016-2017/2016-09-17 - 16-30 Dortmund 6 - 0 Darmstadt/Labels.json,1iaDWZo8S7jrCJ5yDAmOS7CrZj0dHuzYy,
/germany_bundesliga/2016-2017/2016-12-03 - 17-30 Dortmund 4 - 1 B. Monchengladbach/Labels.json,15wnCt6qK90wIj8FTK4jdMjTG6xxZ9U4E,
/germany_bundesliga/2016-2017/2016-09-20 - 21-00 Wolfsburg 1 - 5 Dortmund/Labels.json,1e0FELMmZujp_ieOjBGPQcilb1bhyS2jv,
/germany_bundesliga/2016-2017/2016-09-23 - 21-30 Dortmund 3 - 1 SC Freiburg/Labels.json,1OQlw82wK7s3YDVL6F5mx4D-py4Q9r7Xh,
/germany_bundesliga/2016-2017/2017-02-25 - 17-30 SC Freiburg 0 - 3 Dortmund/Labels.json,1-d89--pbu9g7wAD-aT4exN6JHG60cp3-,
/germany_bundesliga/2016-2017/2017-03-04 - 17-30 Dortmund 6 - 2 Bayer Leverkusen/Labels.json,1WjX33Zj8O5ccWXyRLEWQzIppeM81l-_6,
/germany_bundesliga/2016-2017/2017-01-29 - 19-30 1. FSV Mainz 05 1 - 1 Dortmund/Labels.json,1OErQdcRhiSFjqwP1QR2TNMXuUE7-mnf_,
/germany_bundesliga/2016-2017/2016-10-14 - 21-30 Dortmund 1 - 1 Hertha Berlin/Labels.json,1edjz1M9OI1fZXjpApTDhOUhJGFbwtjgv,
/germany_bundesliga/2016-2017/2016-10-22 - 16-30 Ingolstadt 3 - 3 Dortmund/Labels.json,1yiYqho9BNzrNxkSvGbLq1QIweYgWY3ng,
/germany_bundesliga/2016-2017/2016-10-29 - 19-30 Dortmund 0 - 0 Schalke/Labels.json,1wUg7i3mDLl6K3yqoK2c-CdY3R19Qb-nw,
/germany_bundesliga/2016-2017/2016-11-26 - 17-30 Eintracht Frankfurt 2 - 1 Dortmund/Labels.json,1akRSRWORib6rNFbPS8pyxfZ_qvGJbFo3,
/germany_bundesliga/2016-2017/2017-03-17 - 22-30 Dortmund 1 - 0 Ingolstadt/Labels.json,1OLAkCW_XsoSCAbwUSH8-0WUjBcWnIPLp,
/germany_bundesliga/2016-2017/2017-02-11 - 17-30 Darmstadt 2 - 1 Dortmund/Labels.json,1KuzwhFrbKut-vLid5QKD5Di3RLd9Or0Q,
/germany_bundesliga/2016-2017/2017-02-18 - 17-30 Dortmund 3 - 0 Wolfsburg/Labels.json,1YQUo1dLD1BQ1sxe4WLgWQoKn7iCgvz9r,
/germany_bundesliga/2016-2017/2017-02-04 - 20-30 Dortmund 1 - 0 RB Leipzig/Labels.json,1bdNxKOMi3zcjKTaCjdlDsDhyskpkc1Fu,
/germany_bundesliga/2016-2017/2016-12-20 - 22-00 Dortmund 1 - 1 FC Augsburg/Labels.json,1sH5whIczG5yr0OekyoZBdi25JRi093Jr,
/germany_bundesliga/2016-2017/2016-12-10 - 17-30 FC Koln 1 - 1 Dortmund/Labels.json,1dXWGB9IXSweznhqZLhYjSvmCb_kBGbPR,
/germany_bundesliga/2016-2017/2017-04-01 - 16-30 Schalke 1 - 1 Dortmund/Labels.json,1QSG5qp7wjSnqLBOW_ZncAOJu_7Lx7FlF,
/germany_bundesliga/2016-2017/2017-04-15 - 16-30 Dortmund 3 - 1 Eintracht Frankfurt/Labels.json,1WrbKqpC1NUIUKMYXvx5FcZVMfhnA_tpY,
/germany_bundesliga/2016-2017/2017-05-13 - 16-30 FC Augsburg 1 - 1 Dortmund/Labels.json,1iY6pGQtpCJPlPQxuhBoMbPBdGmk_TB0m,
/england_epl/2016-2017/2016-08-27 - 14-30 Tottenham 1 - 1 Liverpool/Labels.json,1eVA91rZV8h1GwMYj-qjZmOvDW7KjW0Fk,
/england_epl/2016-2017/2016-09-24 - 14-30 Manchester United 4 - 1 Leicester/Labels.json,13ekyD6IEZ8DgtqN2PnwkNYvgVcpvkbLR,
/england_epl/2016-2017/2016-10-15 - 14-30 Chelsea 3 - 0 Leicester/Labels.json,1TxX-GJwjVgmSrKJwBM2JcJa-sUEv_78U,
/england_epl/2016-2017/2016-10-22 - 17-00 Arsenal 0 - 0 Middlesbrough/Labels.json,1os4zodH7OFpoXlWZUXyS3ICqAy3R7P6e,
/england_epl/2016-2017/2017-01-21 - 15-30 Liverpool 2 - 3 Swansea/Labels.json,1QdjEtuCq-iKkhjW8KQsQ5BJkAh3rghj6,
/england_epl/2016-2017/2017-04-09 - 18-00 Everton 4 - 2 Leicester/Labels.json,1fGrYH-bfaoy3g8D4I9qbCvWtJB0YY-OE,
/england_epl/2016-2017/2016-10-29 - 19-30 Crystal Palace 2 - 4 Liverpool/Labels.json,19CAS8z2z19MlU85dtJ9HE2fJTVsotmFG,
/england_epl/2016-2017/2016-10-02 - 18-30 Burnley 0 - 1 Arsenal/Labels.json,12-Fds3gjxcnRVcfooWPHhDRyTVlLCCOW,
/england_epl/2016-2017/2017-05-06 - 17-00 Leicester 3 - 0 Watford/Labels.json,1CwEe8LLjVOKzhH4rPP0O36w0-5JeC6aG,
/england_epl/2016-2017/2016-12-04 - 16-30 Bournemouth 4 - 3 Liverpool/Labels.json,1gAhcLEYJyIRu_k-_cyGAifKMf3VK7u3e,
/england_epl/2016-2017/2016-10-01 - 14-30 Swansea 1 - 2 Liverpool/Labels.json,1cAT2xpFanUuGEthAqa071QRov8ZgeJ-Q,
/england_epl/2016-2017/2016-08-14 - 18-00 Arsenal 3 - 4 Liverpool/Labels.json,1dnKr8WUHw2Xxp5s_ODw-VFbUTh67yITl,
/england_epl/2016-2017/2016-08-20 - 17-00 Burnley 2 - 0 Liverpool/Labels.json,18Rca-vEGR6HqS4AP-Lx2XPwJ9F1fpRPz,
/england_epl/2016-2017/2016-10-17 - 22-00 Liverpool 0 - 0 Manchester United/Labels.json,1NggcBz9rWhHcN04rdA5nEU7HKNOmbUr-,
/england_epl/2016-2017/2016-10-22 - 19-30 Liverpool 2 - 1 West Brom/Labels.json,1bLH3CZAVzSC4bBvzDIO7v3lwKkb4OAOe,
/england_epl/2016-2017/2016-09-10 - 17-00 Arsenal 2 - 1 Southampton/Labels.json,1UOgNq4jbB4S23nXM_HbU2z3WUQUZ51n7,
/england_epl/2016-2017/2016-10-29 - 14-30 Sunderland 1 - 4 Arsenal/Labels.json,1V935YripmoU-O2-fvB0YARRpJpsVJUee,
/england_epl/2016-2017/2016-09-17 - 17-00 Hull City 1 - 4 Arsenal/Labels.json,1wBF-_1R2myGnjeHYRS93A5ZS9ZjN56r6,
/england_epl/2016-2017/2016-09-24 - 19-30 Arsenal 3 - 0 Chelsea/Labels.json,1UvIHNNvmfGyBeFZ9Ljj1okh-ud3xbR9h,
/england_epl/2016-2017/2016-08-20 - 19-30 Leicester 0 - 0 Arsenal/Labels.json,1ze1OjtOjEt7U5hzn1wMajZn8c6mHfcVu,
/england_epl/2016-2017/2016-09-16 - 22-00 Chelsea 1 - 2 Liverpool/Labels.json,1JAllFa7nF2Ah_jZAWBxna0KMro54QrhK,
/england_epl/2016-2017/2016-11-06 - 17-15 Liverpool 6 - 1 Watford/Labels.json,1Y6mF2G8jOew8ShB9vvr3ryHX0AgSAhgU,
/england_epl/2016-2017/2016-10-29 - 17-00 Tottenham 1 - 1 Leicester/Labels.json,1a61F2_txBTo5aJlRy4Sf9kKhnvfi4Uka,
/england_epl/2016-2017/2016-11-06 - 19-30 Leicester 1 - 2 West Brom/Labels.json,1wtoTEk4NUmxCH8MKHZ2Sjigb_3JkO1jK,
/england_epl/2016-2017/2016-11-19 - 18-00 Southampton 0 - 0 Liverpool/Labels.json,1P4KC6XIAq1twEQYo9J_lU1Ud7coDAMJ9,
/england_epl/2016-2017/2016-11-26 - 18-00 Liverpool 2 - 0 Sunderland/Labels.json,10xK6Fzt9qgYps68KU12jMsmvUTIQEp2b,
/england_epl/2016-2017/2016-12-14 - 22-45 Middlesbrough 0 - 3 Liverpool/Labels.json,1pwrGSEMgKl79Ai688-aIE2SnUNz35MmG,
/england_epl/2016-2017/2017-01-02 - 15-30 Middlesbrough 0 - 0 Leicester/Labels.json,142z-q1wVlASXqyRX7eYQDTlxMjf9UjXk,
/england_epl/2016-2017/2016-12-31 - 20-30 Liverpool 1 - 0 Manchester City/Labels.json,1IdnFa0GoFzNxH-jQPhxnSxRgbPhHvPrM,
/england_epl/2016-2017/2016-12-27 - 20-15 Liverpool 4 - 1 Stoke City/Labels.json,19QP8Tc62Av2ngaiCcCLq5Y7bkstO_tx0,
/england_epl/2016-2017/2016-12-19 - 23-00 Everton 0 - 1 Liverpool/Labels.json,1B3we_0Hg4XlKcYqTbraUYqnWN1-bDILE,
/england_epl/2016-2017/2016-12-11 - 19-30 Liverpool 2 - 2 West Ham/Labels.json,1UEjHfipk48wBPgBMdKFJ9fDzHiN8BRpk,
/england_epl/2016-2017/2016-12-10 - 20-30 Leicester 4 - 2 Manchester City/Labels.json,1gAYJ6Bq7uvwi53HF3_Tsm3zkJHoB8X5n,
/england_epl/2016-2017/2017-01-14 - 20-30 Leicester 0 - 3 Chelsea/Labels.json,1kzmSF1yKjHfQLvy5S4E5kdB1xHviYHfs,
/england_epl/2016-2017/2017-01-02 - 18-00 Sunderland 2 - 2 Liverpool/Labels.json,1SYH3M0ToBICkwRS8ZzmWZcla_5OH7CyS,
/england_epl/2016-2017/2017-02-27 - 23-00 Leicester 3 - 1 Liverpool/Labels.json,1ODNj2jSJWTLLTmIG_sNtHzjY39AKR02A,
/england_epl/2016-2017/2017-04-26 - 21-45 Arsenal 1 - 0 Leicester/Labels.json,1OwX-iADncsm4CwItYxUYgu5NCWCdtmJz,
/england_epl/2016-2017/2017-05-13 - 14-30 Manchester City 2 - 1 Leicester/Labels.json,1AgHrvaDhYm1ySX5yGNge2kv9eHiEf9dQ,
/england_epl/2016-2017/2017-01-31 - 23-00 Liverpool 1 - 1 Chelsea/Labels.json,1LeK-Fxhkwj_TGHAe84gb1VY_9he-eWq7,
/england_epl/2016-2017/2017-01-15 - 19-00 Manchester United 1 - 1 Liverpool/Labels.json,1pq0ga9Gc8sgzgEi4MnzJTH6zrj8seBRi,
/england_epl/2014-2015/2015-04-11 - 19-30 Burnley 0 - 1 Arsenal/Labels.json,13yo7C7aX0ZaQ9Q-aAuz9FSM_vAkZLSs-,
/england_epl/2014-2015/2015-05-17 - 18-00 Manchester United 1 - 1 Arsenal/Labels.json,1Q8_-3BuWkaGy2ItXdvyu6BahwMhrlVdD,
/england_epl/2014-2015/2015-02-21 - 18-00 Crystal Palace 1 - 2 Arsenal/Labels.json,1QLZk8azeMDPMmTpvLMFcM1mf1fRCfM8k,
/england_epl/2014-2015/2015-02-21 - 18-00 Chelsea 1 - 1 Burnley/Labels.json,1rAoIuK3bzuTjwMwfU7XdR04Cpegqfd_B,
/england_epl/2014-2015/2015-02-21 - 18-00 Swansea 2 - 1 Manchester United/Labels.json,1Q_Wer3WdPrICXH3uha3ZHgyA8Iq5hWNP,
/england_epl/2014-2015/2015-02-22 - 19-15 Southampton 0 - 2 Liverpool/Labels.json,1j-Shv2W2_nLUrfGOwtuWg0SvCS2MOWNi,
/england_epl/2015-2016/2015-10-24 - 17-00 West Ham 2 - 1 Chelsea/Labels.json,1CaFrp66Ov6B8OIx0ZZgdIfSZz4yXTUfy,
/england_epl/2015-2016/2015-08-16 - 18-00 Manchester City 3 - 0 Chelsea/Labels.json,1pLZANihOFAD9dGfyMOpC7VLdvQooHo2N,
/england_epl/2015-2016/2015-11-07 - 20-30 Stoke City 1 - 0 Chelsea/Labels.json,17TsE_l1HfjZKPqo28FPvcnndA8U2GpfM,
/england_epl/2015-2016/2015-08-29 - 17-00 Liverpool 0 - 3 West Ham/Labels.json,11yXcVUUWFqyj9yk6BpfOuijD7SS2FClC,
/england_epl/2015-2016/2015-09-26 - 19-30 Newcastle Utd 2 - 2 Chelsea/Labels.json,1RJIz7lO7HrHGlxM1viHQ4AiqorBc4-Jh,
/england_epl/2015-2016/2015-09-20 - 18-00 Southampton 2 - 3 Manchester United/Labels.json,1fE7845yDYPzE_6HNGP0v2kZQue5q4h1E,
/england_epl/2015-2016/2015-10-03 - 19-30 Chelsea 1 - 3 Southampton/Labels.json,14k-ZwdfRDkgG6YUm_W9Nu6hOmzlrE7uj,
/england_epl/2015-2016/2015-08-23 - 15-30 West Brom 2 - 3 Chelsea/Labels.json,1BYCtK4B3aOwm88zWYhWqKtfBhKWfGruW,
/england_epl/2015-2016/2015-11-08 - 19-00 Arsenal 1 - 1 Tottenham/Labels.json,1dvk9v4_IKVFtjcxsMRVLne6E2xMw308L,
/england_epl/2015-2016/2015-12-28 - 20-30 Manchester United 0 - 0 Chelsea/Labels.json,1XyO751cfjn1FG-jwmG_RAy3Txk0yggM1,
/england_epl/2015-2016/2016-02-03 - 22-45 Watford 0 - 0 Chelsea/Labels.json,1CByafc2lRn5ievqC1NzRPne5jhIBeuEr,
/england_epl/2015-2016/2016-03-01 - 22-45 Norwich 1 - 2 Chelsea/Labels.json,1WhWfzgrXkGjjdkrIn7l2MWHgJm3g8PPx,
/england_epl/2015-2016/2015-09-26 - 17-00 Manchester United 3 - 0 Sunderland/Labels.json,1KHKDwEzd2lLKiCV8ip2DwgED3UM_txZc,
/england_epl/2015-2016/2015-08-30 - 18-00 Swansea 2 - 1 Manchester United/Labels.json,1nOWdYRJCy4sF720O1dnSmzk58lpJ_OuG,
/england_epl/2015-2016/2016-01-24 - 19-00 Arsenal 0 - 1 Chelsea/Labels.json,1jattwRckXqlnq6BWItItWSKf6rWY--VA,
/england_epl/2015-2016/2015-09-26 - 17-00 Leicester 2 - 5 Arsenal/Labels.json,1qiV2O4UHj8Z_n4mnUKeOo-xvFKRPLoH5,
/england_epl/2015-2016/2016-02-13 - 20-30 Chelsea 5 - 1 Newcastle Utd/Labels.json,1HrclUOZEh_-yIQxzcKNAy_MkueG3BiuM,
/england_epl/2015-2016/2015-10-03 - 17-00 Manchester City 6 - 1 Newcastle Utd/Labels.json,1oJVtRBOR493WraUEhl9CWfk7_gZ4uaWb,
/england_epl/2015-2016/2016-01-23 - 20-30 West Ham 2 - 2 Manchester City/Labels.json,1Rj6BXsyFhGMayrcQ0ezIOh_hN4WjDmcg,
/england_epl/2015-2016/2015-12-26 - 18-00 Chelsea 2 - 2 Watford/Labels.json,1H8AucIAmwo57TZEmd_MelBKn47vzR7Si,
/england_epl/2015-2016/2016-02-27 - 18-00 Southampton 1 - 2 Chelsea/Labels.json,10fyqZcfoDvq3oFKevwor7QeDMjl728Uh,
/england_epl/2015-2016/2016-03-05 - 18-00 Manchester City 4 - 0 Aston Villa/Labels.json,1riIffxTrGamaVcXA4F7to3_O2czu6op0,
/england_epl/2015-2016/2015-09-12 - 14-45 Everton 3 - 1 Chelsea/Labels.json,1yYFoN5MJAN4emLbbMD2GreM626H3L_qD,
/england_epl/2015-2016/2016-04-23 - 17-00 Bournemouth 1 - 4 Chelsea/Labels.json,1Zu-rSiG9XGLYqP_EC0LKVAifTyefTxNi,
/england_epl/2015-2016/2015-08-29 - 17-00 Manchester City 2 - 0 Watford/Labels.json,13aClxyRQeHeQmamIdv21EacoQcEqKjQ6,
/england_epl/2015-2016/2015-09-19 - 19-30 Manchester City 1 - 2 West Ham/Labels.json,1SwuoXU34UaZaik1VUl2-ZLQAGrK31xT7,
/england_epl/2015-2016/2015-09-12 - 17-00 Crystal Palace 0 - 1 Manchester City/Labels.json,1PxcdqqCbzC4bZCGujel9nRo2TTLNCqvA,
/england_epl/2015-2016/2016-03-20 - 19-00 Manchester City 0 - 1 Manchester United/Labels.json,1ex8kSdNHdbcXJtcnuzP7Wh7d1Wqfk9ae,
/england_epl/2015-2016/2015-08-08 - 19-30 Chelsea 2 - 2 Swansea/Labels.json,1bSstv0E53nGYiYY1NGhfOvFI0bt8JSeg,
/england_epl/2015-2016/2015-08-29 - 17-00 Chelsea 1 - 2 Crystal Palace/Labels.json,1jPPS6utPL-RcZPjICNshJsMwviEFYb5S,
/england_epl/2015-2016/2015-10-17 - 17-00 Chelsea 2 - 0 Aston Villa/Labels.json,19eKkhzcLKI6cdNS9R6r7-kCpGKDXamSX,
/england_epl/2015-2016/2015-09-26 - 17-00 Liverpool 3 - 2 Aston Villa/Labels.json,18uHfkubmAA5RAKC1IcSyAijeHpIr-U1G,
/england_epl/2015-2016/2015-11-29 - 15-00 Tottenham 0 - 0 Chelsea/Labels.json,1jdD9O09g3wI_z2SEsFO-7ly3Uo1gpl4d,
/england_epl/2015-2016/2015-11-21 - 20-30 Manchester City 1 - 4 Liverpool/Labels.json,1wH6-bjL3I8ynxTwlO6Z2q6irLSvjGHef,
/england_epl/2015-2016/2015-12-05 - 20-30 Chelsea 0 - 1 Bournemouth/Labels.json,1csYBxc6mvv7jY26CZnRkxuIH8jhqS3-n,
/england_epl/2015-2016/2015-12-26 - 18-00 Manchester City 4 - 1 Sunderland/Labels.json,1NCYr7Y7mIIwNjbVuZwcMzdO7ig4g-z8W,
/england_epl/2015-2016/2015-12-19 - 18-00 Chelsea 3 - 1 Sunderland/Labels.json,113vkkdQp7LbB1Zgid8Vuv3JNx0qILDgJ,
/england_epl/2015-2016/2016-01-03 - 16-30 Crystal Palace 0 - 3 Chelsea/Labels.json,1lKwWeY6zJiSha6MUB9iT47dUuvxo-1UW,
/england_epl/2015-2016/2015-11-07 - 18-00 Manchester United 2 - 0 West Brom/Labels.json,1Mg78AZ19W6xIxpi4vwzCio8YK8o24GZg,
/england_epl/2015-2016/2015-10-31 - 15-45 Chelsea 1 - 3 Liverpool/Labels.json,1Os_t49fImMGil-DN1sh516oViWEi8ZYP,
/england_epl/2015-2016/2016-01-13 - 22-45 Chelsea 2 - 2 West Brom/Labels.json,1c7inuliUxnGnnAFRKGB4f_53Phmkv8Vk,
/england_epl/2015-2016/2016-02-07 - 19-00 Chelsea 1 - 1 Manchester United/Labels.json,15uRQDqyu9pfPIKLDWV0YatOGa3qX0Jk8,
/england_epl/2015-2016/2016-04-09 - 17-00 Swansea 1 - 0 Chelsea/Labels.json,13b0AUD0FFYY0fY3yQ3t_43X09NVqxrvr,
/england_epl/2015-2016/2016-02-14 - 19-15 Manchester City 1 - 2 Tottenham/Labels.json,1pZuzXvFqTn78PMxTTm7OH8FlMrHC1qVF,
/england_epl/2015-2016/2016-03-05 - 18-00 Chelsea 1 - 1 Stoke City/Labels.json,1RUJ9jAwMOp1AOfQlEOyx8QIWoXUHs7DD,
/england_epl/2015-2016/2016-03-02 - 23-00 Liverpool 3 - 0 Manchester City/Labels.json,1_PHgDpoJ44SkDGFzKKHtS5euZO6-fHIb,
/england_epl/2015-2016/2016-04-09 - 19-30 Manchester City 2 - 1 West Brom/Labels.json,1xiqJRsNJREpovNU75YqK-I1-wNVvrhBH,
/england_epl/2015-2016/2016-03-19 - 18-00 Chelsea 2 - 2 West Ham/Labels.json,1OlAA1PC3n1G6A-ydJTo3mVHeJ_WyEHY3,
/england_epl/2015-2016/2016-05-07 - 17-00 Sunderland 3 - 2 Chelsea/Labels.json,1vTG0bZNHVTnrKBh1SWseJ3fGgjsx6ZJm,
